MES,PRODUTO,NUMERO_DE_POSTOS_PESQUISADOS,UNIDADE_DE_MEDIDA,PRECO_MEDIO_REVENDA,DESVIO_PADRAO_REVENDA,PRECO_MINIMO_REVENDA,PRECO_MAXIMO_REVENDA,MARGEM_MEDIA_REVENDA,COEF_DE_VARIACAO_REVENDA,PRECO_MEDIO_DISTRIBUICAO,DESVIO_PADRAO_DISTRIBUICAO,PRECO_MINIMO_DISTRIBUICAO,PRECO_MAXIMO_DISTRIBUICAO,COEF_DE_VARIACAO_DISTRIBUICAO,PRECO_MEDIO_REVENDA_DEFLACIONADO
1,2001-07-31,GASOLINA,18708,R$/l,1.681,0.099,1.379,2,0.214,0.059,1.467,0.076,0.895,1.791,0.052,5.54561403508772
2,2001-08-31,GASOLINA,29950,R$/l,1.711,0.092,1.44,2.38,0.207,0.054,1.504,0.052,1.023,1.75,0.034,5.30830245614035
3,2001-09-30,GASOLINA,34530,R$/l,1.718,0.1,1.43,2.38,0.214,0.058,1.504,0.054,1.009,1.821,0.036,5.28842596491228
4,2001-10-31,GASOLINA,44072,R$/l,1.779,0.105,1.41,2.48,0.242,0.059,1.537,0.062,1.023,1.868,0.041,5.46652368421053
5,2001-11-30,GASOLINA,36267,R$/l,1.78,0.106,1.44,2.45,0.229,0.059,1.552,0.061,1.08,1.91,0.039,5.43274736842105
6,2001-12-31,GASOLINA,40362,R$/l,1.775,0.107,1.38,2.45,0.229,0.06,1.546,0.061,1.071,1.895,0.04,5.38323245614035
7,2002-01-31,GASOLINA,43470,R$/l,1.588,0.124,1.17,2.45,0.223,0.078,1.365,0.097,0.69,1.818,0.071,4.80996842105263
8,2002-02-28,GASOLINA,38348,R$/l,1.509,0.1,1.17,2.45,0.213,0.066,1.296,0.053,0.829,1.697,0.041,4.56115105263158
9,2002-03-31,GASOLINA,38410,R$/l,1.574,0.115,1.239,2.45,0.251,0.073,1.323,0.066,0.833,1.774,0.05,4.7559652631579
10,2002-04-30,GASOLINA,47414,R$/l,1.713,0.113,1.36,2.67,0.266,0.066,1.447,0.078,0.835,1.806,0.054,5.17326
11,2002-05-31,GASOLINA,49569,R$/l,1.722,0.106,1.37,2.67,0.238,0.061,1.484,0.059,0.972,1.806,0.04,5.18352210526316
12,2002-06-30,GASOLINA,38863,R$/l,1.711,0.109,1.369,2.67,0.236,0.064,1.475,0.057,0.909,1.852,0.039,5.12549561403509
13,2002-07-31,GASOLINA,57752,R$/l,1.767,0.124,1.309,2.67,0.257,0.07,1.51,0.069,0.934,1.884,0.046,5.24551
14,2002-08-31,GASOLINA,46852,R$/l,1.751,0.119,1.39,2.47,0.239,0.068,1.512,0.065,0.971,1.843,0.043,5.1381098245614
15,2002-09-30,GASOLINA,39964,R$/l,1.742,0.118,1.37,2.45,0.23,0.068,1.512,0.065,0.962,1.961,0.043,5.04079789473684
16,2002-10-31,GASOLINA,41545,R$/l,1.761,0.109,1.35,2.45,0.233,0.062,1.528,0.065,0.984,1.84,0.043,5.02163052631579
17,2002-11-30,GASOLINA,36226,R$/l,1.978,0.113,1.49,2.74,0.299,0.057,1.678,0.104,1.05,2.497,0.062,5.50612736842105
18,2002-12-31,GASOLINA,44705,R$/l,2.001,0.14,1.59,2.95,0.293,0.07,1.708,0.081,1.149,2.209,0.047,5.38795578947368
19,2003-01-31,GASOLINA,36694,R$/l,2.16,0.136,1.699,2.95,0.304,0.063,1.856,0.102,1.18,2.391,0.055,5.67397894736842
20,2003-02-28,GASOLINA,36200,R$/l,2.223,0.143,1.739,2.95,0.296,0.064,1.927,0.099,1.261,2.482,0.051,5.7486
21,2003-03-31,GASOLINA,39311,R$/l,2.215,0.143,1.79,2.95,0.268,0.065,1.947,0.087,1.31,2.394,0.045,5.63931228070175
22,2003-04-30,GASOLINA,42127,R$/l,2.195,0.149,1.72,2.95,0.255,0.068,1.941,0.085,1.262,2.35,0.044,5.52947456140351
23,2003-05-31,GASOLINA,36221,R$/l,2.113,0.136,1.749,2.85,0.245,0.064,1.869,0.08,1.24,2.321,0.043,5.28880192982456
24,2003-06-30,GASOLINA,40291,R$/l,2.026,0.143,1.669,2.86,0.238,0.071,1.788,0.085,1.153,2.227,0.047,5.08028385964912
25,2003-07-31,GASOLINA,41828,R$/l,1.971,0.138,1.62,2.85,0.237,0.07,1.734,0.079,1.17,2.27,0.045,4.97694789473684
26,2003-08-31,GASOLINA,35935,R$/l,1.975,0.132,1.63,2.85,0.24,0.067,1.735,0.077,1.158,2.137,0.044,5.00160087719298
27,2003-09-30,GASOLINA,43291,R$/l,2.003,0.127,1.64,2.85,0.247,0.063,1.757,0.073,1.158,2.22,0.042,5.05915631578947
28,2003-10-31,GASOLINA,37608,R$/l,1.997,0.128,1.62,2.85,0.243,0.064,1.755,0.069,1.19,2.39,0.039,5.0026601754386
29,2003-11-30,GASOLINA,35911,R$/l,1.993,0.128,1.62,2.85,0.246,0.064,1.747,0.069,1.51,2.125,0.039,4.97935315789474
30,2003-12-31,GASOLINA,44759,R$/l,1.998,0.125,1.61,2.85,0.246,0.063,1.753,0.07,1.451,2.149,0.04,4.97466947368421
31,2004-01-31,GASOLINA,35766,R$/l,2.007,0.126,1.61,2.85,0.246,0.063,1.761,0.07,1.52,2.149,0.039,4.97559947368421
32,2004-02-29,GASOLINA,35740,R$/l,2.003,0.131,1.61,2.85,0.254,0.065,1.749,0.075,1.49,2.158,0.043,4.93475947368421
33,2004-03-31,GASOLINA,44631,R$/l,1.981,0.139,1.559,2.85,0.264,0.07,1.717,0.08,1.4,2.328,0.046,4.85657789473684
34,2004-04-30,GASOLINA,35862,R$/l,1.972,0.14,1.56,2.85,0.263,0.071,1.709,0.08,1.37,2.188,0.047,4.79541964912281
35,2004-05-31,GASOLINA,43335,R$/l,2.086,0.143,1.529,2.85,0.33,0.069,1.756,0.08,1.146,2.214,0.046,5.02835789473684
36,2004-06-30,GASOLINA,56676,R$/l,2.157,0.148,1.56,2.89,0.347,0.069,1.81,0.088,1.17,2.735,0.049,5.14993210526316
37,2004-07-31,GASOLINA,50174,R$/l,2.203,0.14,1.59,3,0.341,0.064,1.862,0.074,1.477,2.473,0.04,5.20642333333333
38,2004-08-31,GASOLINA,60595,R$/l,2.226,0.139,1.69,3,0.337,0.062,1.889,0.075,1.325,2.258,0.04,5.20962105263158
39,2004-09-30,GASOLINA,52104,R$/l,2.232,0.143,1.69,3,0.333,0.064,1.899,0.076,1.45,2.279,0.04,5.17589052631579
40,2004-10-31,GASOLINA,49917,R$/l,2.262,0.145,1.69,3.1,0.339,0.064,1.923,0.08,1.475,2.325,0.042,5.21807684210526
41,2004-11-30,GASOLINA,59375,R$/l,2.214,0.148,1.709,3.1,0.276,0.067,1.938,0.084,1.53,2.551,0.043,5.0922
42,2004-12-31,GASOLINA,52358,R$/l,2.303,0.146,1.849,3.1,0.296,0.063,2.007,0.081,1.518,2.51,0.04,5.26376912280702
43,2005-01-31,GASOLINA,58210,R$/l,2.296,0.146,1.87,3.22,0.287,0.064,2.009,0.079,1.477,2.51,0.039,5.21796210526316
44,2005-02-28,GASOLINA,46568,R$/l,2.285,0.15,1.92,3.22,0.28,0.066,2.005,0.078,1.477,2.444,0.039,5.17732894736842
45,2005-03-31,GASOLINA,56656,R$/l,2.291,0.144,1.94,3.22,0.29,0.063,2.001,0.077,1.477,2.49,0.038,5.17886578947368
46,2005-04-30,GASOLINA,49555,R$/l,2.302,0.157,1.929,3.2,0.289,0.068,2.013,0.09,1.477,2.565,0.045,5.16940350877193
47,2005-05-31,GASOLINA,58946,R$/l,2.283,0.16,1.845,3.2,0.286,0.07,1.997,0.093,1.477,2.505,0.047,5.09229157894737
48,2005-06-30,GASOLINA,52438,R$/l,2.256,0.172,1.698,3.2,0.286,0.076,1.97,0.097,1.477,2.529,0.049,5.0407747368421
49,2005-07-31,GASOLINA,49437,R$/l,2.267,0.165,1.88,3.2,0.289,0.073,1.978,0.095,1.64,2.564,0.048,5.08285263157895
50,2005-08-31,GASOLINA,31856,R$/l,2.273,0.162,1.889,3.2,0.293,0.071,1.98,0.093,1.735,2.552,0.047,5.10986350877193
51,2005-09-30,GASOLINA,31701,R$/l,2.401,0.188,1.89,3.6,0.328,0.078,2.073,0.134,1.799,2.94,0.065,5.42499631578947
52,2005-10-31,GASOLINA,43735,R$/l,2.47,0.161,1.979,3.37,0.295,0.065,2.175,0.097,1.729,2.834,0.045,5.60386666666667
53,2005-11-30,GASOLINA,56700,R$/l,2.478,0.163,1.87,3.3,0.298,0.066,2.18,0.093,1.84,2.78,0.043,5.59593263157895
54,2005-12-31,GASOLINA,49443,R$/l,2.483,0.162,2.04,3.3,0.295,0.065,2.188,0.094,1.95,2.8,0.043,5.58979929824561
55,2006-01-31,GASOLINA,57239,R$/l,2.511,0.16,2.08,3.5,0.299,0.064,2.212,0.088,2,2.748,0.04,5.65327421052632
56,2006-02-28,GASOLINA,42334,R$/l,2.523,0.16,2.07,3.3,0.307,0.063,2.216,0.087,2,2.788,0.039,5.63956894736842
57,2006-03-31,GASOLINA,56264,R$/l,2.587,0.153,2.12,3.5,0.316,0.059,2.271,0.084,2,2.762,0.037,5.78217192982456
58,2006-04-30,GASOLINA,46927,R$/l,2.595,0.158,2.155,3.3,0.308,0.061,2.287,0.082,2,2.779,0.036,5.81052368421053
59,2006-05-31,GASOLINA,56298,R$/l,2.582,0.158,1.87,3.3,0.306,0.061,2.276,0.084,1.807,2.874,0.037,5.80044035087719
60,2006-06-30,GASOLINA,49579,R$/l,2.545,0.172,2.14,3.3,0.299,0.068,2.246,0.084,1.834,2.707,0.037,5.70035350877193
61,2006-07-31,GASOLINA,50363,R$/l,2.557,0.165,2.14,3.5,0.311,0.065,2.246,0.084,2.03,2.756,0.037,5.69358666666667
62,2006-08-31,GASOLINA,57666,R$/l,2.559,0.166,2.089,3.3,0.308,0.065,2.251,0.084,1.91,2.747,0.037,5.68995894736842
63,2006-09-30,GASOLINA,48062,R$/l,2.554,0.166,2.099,3.3,0.312,0.065,2.242,0.085,1.91,2.747,0.038,5.66226280701754
64,2006-10-31,GASOLINA,47567,R$/l,2.547,0.164,2.149,3.5,0.317,0.064,2.23,0.086,2,2.722,0.039,5.6337852631579
65,2006-11-30,GASOLINA,47122,R$/l,2.538,0.166,2.13,3.3,0.318,0.065,2.22,0.086,1.955,2.74,0.039,5.59295052631579
66,2006-12-31,GASOLINA,42822,R$/l,2.531,0.166,2.12,3.3,0.332,0.066,2.199,0.09,2,2.696,0.041,5.54422210526316
67,2007-01-31,GASOLINA,57029,R$/l,2.523,0.167,2.08,3.3,0.333,0.066,2.19,0.086,2,2.653,0.039,5.51253368421053
68,2007-02-28,GASOLINA,49770,R$/l,2.516,0.167,1.96,3.3,0.333,0.066,2.183,0.086,1.701,2.626,0.039,5.47516912280702
69,2007-03-31,GASOLINA,49574,R$/l,2.518,0.162,2.088,3.3,0.336,0.064,2.182,0.084,1.949,2.646,0.038,5.46759403508772
70,2007-04-30,GASOLINA,49276,R$/l,2.532,0.154,2.119,3.31,0.327,0.061,2.205,0.082,1.91,2.637,0.037,5.48289052631579
71,2007-05-31,GASOLINA,61607,R$/l,2.54,0.155,2.07,3.3,0.326,0.061,2.214,0.081,1.95,2.657,0.037,5.49843157894737
72,2007-06-30,GASOLINA,49165,R$/l,2.527,0.157,2.079,3.3,0.345,0.062,2.182,0.087,1.958,2.62,0.04,5.46851666666667
73,2007-07-31,GASOLINA,57896,R$/l,2.507,0.16,2.09,3.3,0.361,0.064,2.146,0.092,1.905,2.592,0.043,5.41380052631579
74,2007-08-31,GASOLINA,41748,R$/l,2.487,0.164,2.07,3.3,0.356,0.066,2.131,0.091,1.908,2.699,0.043,5.35839421052632
75,2007-09-30,GASOLINA,34809,R$/l,2.471,0.17,2,3.3,0.349,0.069,2.122,0.09,1.93,2.69,0.042,5.28143736842105
76,2007-10-31,GASOLINA,43783,R$/l,2.475,0.167,2.07,3.3,0.357,0.067,2.118,0.089,1.92,2.874,0.042,5.23397368421053
77,2007-11-30,GASOLINA,34848,R$/l,2.487,0.162,2.099,3.33,0.356,0.065,2.131,0.087,1.923,2.588,0.041,5.21353736842105
78,2007-12-31,GASOLINA,38031,R$/l,2.509,0.159,2.099,3.3,0.353,0.063,2.156,0.087,1.9,2.584,0.04,5.22928421052632
79,2008-01-31,GASOLINA,40313,R$/l,2.505,0.158,2.09,3.3,0.346,0.063,2.159,0.086,1.943,2.608,0.04,5.1436
80,2008-02-29,GASOLINA,34858,R$/l,2.488,0.169,2.019,3.3,0.339,0.068,2.149,0.09,1.901,2.584,0.042,5.06111578947368
81,2008-03-31,GASOLINA,34901,R$/l,2.493,0.162,2.059,3.35,0.343,0.065,2.15,0.089,1.88,2.624,0.041,5.04810631578947
82,2008-04-30,GASOLINA,43667,R$/l,2.493,0.161,2.059,3.35,0.338,0.065,2.155,0.089,1.9,2.624,0.041,5.01574105263158
83,2008-05-31,GASOLINA,35086,R$/l,2.494,0.16,1.95,3.35,0.337,0.064,2.157,0.089,1.84,2.595,0.041,4.98756245614035
84,2008-06-30,GASOLINA,35248,R$/l,2.49,0.161,2.069,3.3,0.334,0.065,2.156,0.09,1.918,2.595,0.042,4.90923157894737
85,2008-07-31,GASOLINA,44034,R$/l,2.495,0.16,2.049,3.3,0.334,0.064,2.161,0.091,1.9,2.593,0.042,4.83242105263158
86,2008-08-31,GASOLINA,35120,R$/l,2.5,0.159,2.069,3.3,0.329,0.064,2.171,0.09,1.843,2.628,0.041,4.76491228070175
87,2008-09-30,GASOLINA,35278,R$/l,2.506,0.155,2.099,3.33,0.333,0.062,2.173,0.091,1.937,2.817,0.042,4.79041684210526
88,2008-10-31,GASOLINA,44140,R$/l,2.508,0.154,1.39,3.33,0.331,0.061,2.177,0.089,1.95,2.8,0.041,4.7894
89,2008-11-30,GASOLINA,35239,R$/l,2.513,0.151,2.157,3.33,0.333,0.06,2.18,0.088,1.932,2.8,0.04,4.75574228070175
90,2008-12-31,GASOLINA,44117,R$/l,2.518,0.153,2.17,3.33,0.337,0.061,2.181,0.088,1.95,2.8,0.04,4.74841789473684
91,2009-01-31,GASOLINA,35207,R$/l,2.516,0.155,2.149,3.33,0.335,0.062,2.181,0.088,1.95,2.733,0.04,4.75038456140351
92,2009-02-28,GASOLINA,35163,R$/l,2.518,0.154,2.099,3.34,0.337,0.061,2.181,0.09,1.92,2.71,0.041,4.77359789473684
93,2009-03-31,GASOLINA,41341,R$/l,2.514,0.157,1.99,3.34,0.338,0.062,2.176,0.093,1.877,2.71,0.043,4.75454736842105
94,2009-04-30,GASOLINA,37968,R$/l,2.5,0.157,2.09,3.33,0.34,0.063,2.16,0.097,1.81,2.71,0.045,4.76052631578947
95,2009-05-31,GASOLINA,35271,R$/l,2.487,0.163,2.059,3.33,0.336,0.066,2.151,0.098,1.83,2.7,0.046,4.74231631578947
96,2009-06-30,GASOLINA,40658,R$/l,2.488,0.165,2.099,3.33,0.345,0.066,2.143,0.1,1.791,2.7,0.047,4.74727859649123
97,2009-07-31,GASOLINA,38666,R$/l,2.492,0.157,2.088,3.33,0.341,0.063,2.151,0.097,1.82,2.7,0.045,4.75928280701754
98,2009-08-31,GASOLINA,18357,R$/l,2.498,0.156,2.049,3.33,0.339,0.062,2.159,0.096,1.828,2.7,0.044,4.78958631578947
99,2009-09-30,GASOLINA,18424,R$/l,2.488,0.15,2.043,3.333,0.323,0.06,2.165,0.095,1.657,2.79,0.044,4.78612631578947
100,2009-10-31,GASOLINA,26218,R$/l,2.528,0.15,2.05,3.39,0.326,0.059,2.202,0.099,1.528,2.859,0.045,4.84444631578947
101,2009-11-30,GASOLINA,31319,R$/l,2.551,0.146,1.963,3.5,0.331,0.057,2.22,0.096,1.111,2.819,0.043,4.88628385964912
102,2009-12-31,GASOLINA,35282,R$/l,2.556,0.144,2.059,3.33,0.331,0.056,2.225,0.094,1.62,2.877,0.042,4.89137684210526
103,2010-01-31,GASOLINA,30979,R$/l,2.586,0.138,2.119,3.33,0.333,0.053,2.253,0.091,1.549,2.665,0.04,4.96058315789474
104,2010-02-28,GASOLINA,32503,R$/l,2.611,0.144,2.04,3.49,0.341,0.055,2.27,0.094,1.624,2.744,0.041,4.97968087719298
105,2010-03-31,GASOLINA,42412,R$/l,2.578,0.16,2.115,3.499,0.349,0.062,2.229,0.098,1.31,2.955,0.044,4.86337438596491
106,2010-04-30,GASOLINA,34423,R$/l,2.555,0.166,2.117,3.33,0.357,0.065,2.198,0.097,1.643,2.99,0.044,4.77785
107,2010-05-31,GASOLINA,35934,R$/l,2.55,0.165,2.115,3.39,0.348,0.065,2.202,0.101,1.556,2.746,0.046,4.73405263157895
108,2010-06-30,GASOLINA,41355,R$/l,2.534,0.171,2.09,3.5,0.343,0.067,2.191,0.1,1.554,2.753,0.046,4.65144596491228
109,2010-07-31,GASOLINA,34592,R$/l,2.534,0.168,1.899,3.35,0.341,0.066,2.193,0.098,1.839,2.754,0.045,4.61365824561403
110,2010-08-31,GASOLINA,40852,R$/l,2.542,0.161,2.089,3.5,0.338,0.063,2.204,0.094,1.688,2.6,0.043,4.62153438596491
111,2010-09-30,GASOLINA,37097,R$/l,2.544,0.159,2.09,3.47,0.332,0.063,2.212,0.096,1.822,2.74,0.043,4.59080421052632
112,2010-10-31,GASOLINA,34698,R$/l,2.572,0.154,2.129,3.39,0.335,0.06,2.237,0.097,1.822,2.736,0.043,4.58944070175439
113,2010-11-30,GASOLINA,42551,R$/l,2.589,0.153,2.149,3.39,0.331,0.059,2.258,0.096,1.761,2.736,0.043,4.5739
114,2010-12-31,GASOLINA,35557,R$/l,2.602,0.148,2.179,3.33,0.338,0.057,2.264,0.095,1.931,2.917,0.042,4.53067543859649
115,2011-01-31,GASOLINA,38727,R$/l,2.612,0.148,2.179,3.34,0.335,0.057,2.277,0.097,1.95,2.97,0.043,4.51646877192982
116,2011-02-28,GASOLINA,30554,R$/l,2.622,0.145,2.149,3.39,0.338,0.055,2.284,0.092,1.804,2.884,0.04,4.49742
117,2011-03-31,GASOLINA,43565,R$/l,2.67,0.146,2.019,3.5,0.342,0.055,2.328,0.101,1.817,2.935,0.043,4.53291052631579
118,2011-04-30,GASOLINA,34850,R$/l,2.824,0.146,2.329,3.559,0.351,0.052,2.473,0.118,1.689,2.998,0.048,4.76364210526316
119,2011-05-31,GASOLINA,41022,R$/l,2.842,0.153,2.299,3.619,0.354,0.054,2.488,0.134,1.378,2.956,0.054,4.77156842105263
120,2011-06-30,GASOLINA,37301,R$/l,2.738,0.156,2.268,3.629,0.378,0.057,2.36,0.121,1.467,2.83,0.051,4.57630280701754
121,2011-07-31,GASOLINA,34782,R$/l,2.735,0.152,2.27,3.54,0.375,0.056,2.36,0.109,2,2.85,0.046,4.57992543859649
122,2011-08-31,GASOLINA,42852,R$/l,2.736,0.149,2.199,3.67,0.372,0.054,2.364,0.107,1.998,2.9,0.045,4.58736
123,2011-09-30,GASOLINA,35324,R$/l,2.742,0.153,2.229,3.69,0.365,0.056,2.377,0.109,2.083,2.9,0.046,4.57625368421053
124,2011-10-31,GASOLINA,38927,R$/l,2.75,0.152,2.209,3.719,0.371,0.055,2.379,0.108,2.022,2.98,0.045,4.55824561403509
125,2011-11-30,GASOLINA,39189,R$/l,2.746,0.153,2.279,3.719,0.367,0.056,2.379,0.109,2,2.98,0.046,4.52608245614035
126,2011-12-31,GASOLINA,34893,R$/l,2.75,0.148,2.279,3.679,0.373,0.054,2.377,0.108,2.01,2.899,0.045,4.50855263157895
127,2012-01-31,GASOLINA,41443,R$/l,2.743,0.151,2.259,3.599,0.368,0.055,2.375,0.108,2.001,2.855,0.045,4.50285105263158
128,2012-02-29,GASOLINA,36060,R$/l,2.734,0.155,2.29,3.69,0.38,0.057,2.354,0.113,2.023,2.855,0.048,4.47608561403509
129,2012-03-31,GASOLINA,35411,R$/l,2.74,0.149,2.259,3.69,0.385,0.054,2.355,0.11,2.032,2.95,0.047,4.48879298245614
130,2012-04-30,GASOLINA,35411,R$/l,2.742,0.15,2.259,3.69,0.377,0.055,2.365,0.109,2.01,2.855,0.046,4.47138421052632
131,2012-05-31,GASOLINA,42736,R$/l,2.737,0.154,2.199,3.719,0.371,0.056,2.366,0.111,2,2.855,0.047,4.42241578947368
132,2012-06-30,GASOLINA,34762,R$/l,2.731,0.156,2.199,3.719,0.369,0.057,2.362,0.111,2.012,2.961,0.047,4.36385052631579
133,2012-07-31,GASOLINA,39703,R$/l,2.729,0.158,2.199,3.739,0.369,0.058,2.36,0.111,2.02,2.96,0.047,4.32905578947368
134,2012-08-31,GASOLINA,38425,R$/l,2.725,0.162,2.199,3.739,0.369,0.059,2.356,0.114,2,2.95,0.048,4.25864912280702
135,2012-09-30,GASOLINA,34710,R$/l,2.723,0.161,2.249,3.769,0.365,0.059,2.358,0.113,2,2.9,0.048,4.18720964912281
136,2012-10-31,GASOLINA,42544,R$/l,2.731,0.157,2.189,3.799,0.378,0.057,2.353,0.112,1.989,2.9,0.048,4.15303649122807
137,2012-11-30,GASOLINA,35563,R$/l,2.747,0.152,2.229,3.799,0.394,0.055,2.353,0.11,2.021,2.927,0.047,4.17640385964912
138,2012-12-31,GASOLINA,36046,R$/l,2.754,0.147,2.269,3.799,0.387,0.053,2.367,0.107,2.014,2.89,0.045,4.18849578947368
139,2013-01-31,GASOLINA,41990,R$/l,2.763,0.148,2.229,3.899,0.386,0.054,2.377,0.109,2.08,2.895,0.046,4.16922157894737
140,2013-02-28,GASOLINA,34665,R$/l,2.887,0.146,2.39,3.899,0.424,0.051,2.463,0.106,2.095,2.965,0.043,4.33911035087719
141,2013-03-31,GASOLINA,34663,R$/l,2.886,0.148,2.44,3.939,0.401,0.051,2.485,0.104,2.125,2.944,0.042,4.32292421052632
142,2013-04-30,GASOLINA,39290,R$/l,2.876,0.152,2.39,3.939,0.397,0.053,2.479,0.103,2.078,2.95,0.042,4.29734947368421
143,2013-05-31,GASOLINA,38624,R$/l,2.862,0.16,2.329,3.929,0.396,0.056,2.466,0.111,2.1,2.98,0.045,4.26889894736842
144,2013-06-30,GASOLINA,34590,R$/l,2.848,0.168,2.309,3.699,0.4,0.059,2.448,0.113,2.12,2.971,0.046,4.24801684210526
145,2013-07-31,GASOLINA,42206,R$/l,2.839,0.17,2.255,3.699,0.397,0.06,2.442,0.115,2.082,2.95,0.047,4.19723736842105
146,2013-08-31,GASOLINA,35609,R$/l,2.835,0.169,2.349,3.699,0.401,0.06,2.434,0.117,2.082,2.95,0.048,4.17839210526316
147,2013-09-30,GASOLINA,37335,R$/l,2.834,0.168,2.37,3.699,0.4,0.059,2.434,0.116,2.025,2.942,0.048,4.16946035087719
148,2013-10-31,GASOLINA,40480,R$/l,2.834,0.169,2.35,3.699,0.392,0.06,2.442,0.115,2.025,2.972,0.047,4.09488140350877
149,2013-11-30,GASOLINA,34574,R$/l,2.841,0.166,2.33,3.99,0.395,0.058,2.446,0.115,2.025,2.961,0.047,4.06213157894737
150,2013-12-31,GASOLINA,39688,R$/l,2.946,0.155,2.419,4.079,0.426,0.053,2.52,0.114,2.131,3.037,0.045,4.19727473684211
151,2014-01-31,GASOLINA,38021,R$/l,2.956,0.156,2.528,4.099,0.405,0.053,2.551,0.109,2.2,3.062,0.043,4.18040631578947
152,2014-02-28,GASOLINA,34536,R$/l,2.955,0.158,2.499,4.159,0.395,0.053,2.56,0.113,2.224,3.306,0.044,4.15410789473684
153,2014-03-31,GASOLINA,36567,R$/l,2.98,0.15,2.499,4.159,0.395,0.05,2.585,0.108,2.212,3.105,0.042,4.16938596491228
154,2014-04-30,GASOLINA,40925,R$/l,2.988,0.152,2.49,4.159,0.394,0.051,2.594,0.106,2.213,3.2,0.041,4.09303578947368
155,2014-05-31,GASOLINA,34438,R$/l,2.978,0.157,2.1,4.159,0.389,0.053,2.589,0.109,2.27,3.163,0.042,4.03858596491228
156,2014-06-30,GASOLINA,36480,R$/l,2.966,0.163,2.499,4.159,0.393,0.055,2.573,0.11,2.25,3.163,0.043,4.02907684210526
157,2014-07-31,GASOLINA,40985,R$/l,2.957,0.171,2.488,4.169,0.393,0.058,2.564,0.113,2.23,3.167,0.044,4.0552401754386
158,2014-08-31,GASOLINA,34448,R$/l,2.96,0.169,2.488,4.169,0.399,0.057,2.561,0.113,2.24,3.153,0.044,4.09103157894737
159,2014-09-30,GASOLINA,39519,R$/l,2.963,0.165,2.499,4.169,0.404,0.056,2.559,0.116,2.22,3.136,0.045,4.10921315789474
160,2014-10-31,GASOLINA,37883,R$/l,2.96,0.166,2.45,4.159,0.403,0.056,2.557,0.115,2.22,3.298,0.045,4.09466666666667
161,2014-11-30,GASOLINA,34316,R$/l,3.009,0.17,2.45,4.369,0.43,0.056,2.579,0.117,2.24,3.171,0.045,4.14766894736842
162,2014-12-31,GASOLINA,42745,R$/l,3.031,0.171,2.499,4.299,0.424,0.056,2.607,0.121,2.223,3.218,0.046,4.12588228070175
163,2015-01-31,GASOLINA,34414,R$/l,3.032,0.171,2.499,4.299,0.408,0.056,2.624,0.119,2.21,3.218,0.045,4.09426385964912
164,2015-02-28,GASOLINA,34078,R$/l,3.301,0.187,2.35,4.52,0.508,0.057,2.793,0.159,2.237,3.437,0.057,4.4134949122807
165,2015-03-31,GASOLINA,39073,R$/l,3.323,0.186,2.749,4.529,0.448,0.056,2.875,0.127,2.243,3.451,0.044,4.42716877192982
166,2015-04-30,GASOLINA,37269,R$/l,3.308,0.2,2.749,4.529,0.435,0.06,2.873,0.132,2.271,3.383,0.046,4.3503101754386
167,2015-05-31,GASOLINA,33871,R$/l,3.299,0.205,2.749,4.519,0.432,0.062,2.867,0.134,2.441,3.389,0.047,4.27075807017544
168,2015-06-30,GASOLINA,39539,R$/l,3.301,0.203,2.719,4.519,0.437,0.061,2.864,0.137,2.45,3.47,0.048,4.24960315789474
169,2015-07-31,GASOLINA,36463,R$/l,3.296,0.208,2.719,4.519,0.432,0.063,2.864,0.136,2.39,3.392,0.047,4.20442385964912
170,2015-08-31,GASOLINA,20698,R$/l,3.295,0.21,2.749,4.519,0.432,0.064,2.863,0.141,2.374,3.403,0.049,4.16326140350877
171,2015-09-30,GASOLINA,13475,R$/l,3.277,0.201,2.749,4.16,0.415,0.061,2.862,0.14,2.471,3.395,0.049,4.12442070175439
172,2015-10-31,GASOLINA,14226,R$/l,3.48,0.202,2.899,4.55,0.466,0.058,3.014,0.156,2.459,3.614,0.052,4.32191578947368
173,2015-11-30,GASOLINA,17843,R$/l,3.576,0.199,2.959,4.8,0.462,0.056,3.114,0.149,2.59,3.702,0.048,4.32256842105263
174,2015-12-31,GASOLINA,24507,R$/l,3.633,0.191,3.079,4.719,0.459,0.053,3.174,0.135,2.663,3.734,0.043,4.29458842105263
175,2016-01-31,GASOLINA,22761,R$/l,3.676,0.204,3.149,4.799,0.45,0.055,3.226,0.141,2.86,3.727,0.044,4.31381824561404
176,2016-02-29,GASOLINA,24756,R$/l,3.71,0.206,3.109,4.799,0.45,0.056,3.26,0.147,2.89,3.771,0.045,4.27951754385965
177,2016-03-31,GASOLINA,26434,R$/l,3.73,0.21,3.179,4.84,0.448,0.056,3.282,0.149,2.734,3.792,0.045,4.21817192982456
178,2016-04-30,GASOLINA,22743,R$/l,3.717,0.219,3.059,4.89,0.458,0.059,3.259,0.162,2.83,3.792,0.05,4.17021315789474
179,2016-05-31,GASOLINA,26393,R$/l,3.674,0.233,3.047,4.89,0.481,0.063,3.193,0.177,2.59,3.681,0.055,4.10069964912281
180,2016-06-30,GASOLINA,24764,R$/l,3.646,0.235,3.049,4.89,0.462,0.064,3.184,0.179,2.59,3.718,0.056,4.01699649122807
181,2016-07-31,GASOLINA,22686,R$/l,3.645,0.242,3.049,4.89,0.468,0.066,3.177,0.183,2.309,3.8,0.058,3.90782368421053
182,2016-08-31,GASOLINA,27838,R$/l,3.651,0.237,2.999,4.899,0.461,0.065,3.19,0.185,2.308,3.731,0.058,3.90272684210526
183,2016-09-30,GASOLINA,23221,R$/l,3.648,0.237,3.01,4.899,0.451,0.065,3.197,0.183,2.59,3.952,0.057,3.88992
184,2016-10-31,GASOLINA,24478,R$/l,3.662,0.227,3.049,4.899,0.447,0.062,3.215,0.177,2.59,3.952,0.055,3.89199929824561
185,2016-11-30,GASOLINA,26093,R$/l,3.671,0.22,2.999,4.899,0.444,0.06,3.227,0.172,2.59,3.959,0.053,3.89126
186,2016-12-31,GASOLINA,23221,R$/l,3.734,0.226,3.099,4.899,0.458,0.061,3.276,0.172,2.59,3.793,0.053,3.96000526315789
187,2017-01-31,GASOLINA,26373,R$/l,3.768,0.229,3.139,4.949,0.434,0.061,3.334,0.17,2.34,3.921,0.051,3.96036631578947
188,2017-02-28,GASOLINA,20404,R$/l,3.755,0.229,3.09,4.799,0.447,0.061,3.308,0.172,2.59,3.874,0.052,3.90454122807018
189,2017-03-31,GASOLINA,27073,R$/l,3.687,0.244,3.079,4.999,0.469,0.066,3.218,0.185,2.59,3.809,0.057,3.82865842105263
190,2017-04-30,GASOLINA,22713,R$/l,3.635,0.243,2.99,4.999,0.464,0.067,3.171,0.189,2.59,3.858,0.06,3.77402280701754
191,2017-05-31,GASOLINA,27610,R$/l,3.617,0.252,2.96,4.999,0.451,0.07,3.166,0.197,2.59,3.856,0.062,3.82513614035088
192,2017-06-30,GASOLINA,23375,R$/l,3.548,0.269,2.88,4.799,0.458,0.076,3.09,0.209,2.59,3.792,0.068,3.81005403508772
193,2017-07-31,GASOLINA,23377,R$/l,3.553,0.304,2.799,4.95,0.506,0.086,3.047,0.231,2.538,3.855,0.076,3.85718666666667
194,2017-08-31,GASOLINA,14838,R$/l,3.781,0.265,2.999,5.1,0.45,0.07,3.331,0.219,2.54,4.034,0.066,4.15246666666667
195,2017-09-30,GASOLINA,12508,R$/l,3.881,0.253,3.099,5.2,0.459,0.065,3.422,0.195,2.8,4.025,0.057,4.25548245614035
196,2017-10-31,GASOLINA,15370,R$/l,3.895,0.25,3.199,5.2,0.438,0.064,3.457,0.196,2.79,4.15,0.057,4.23871666666667
197,2017-11-30,GASOLINA,12806,R$/l,4.004,0.261,3.199,5.2,0.44,0.065,3.564,0.209,2.79,4.203,0.059,4.34328631578947
198,2017-12-31,GASOLINA,12542,R$/l,4.085,0.256,3.399,5.2,0.432,0.063,3.653,0.203,2.99,4.366,0.056,4.39388333333333
199,2018-01-31,GASOLINA,27471,R$/l,4.189,0.268,3.499,5.15,0.437,0.064,3.752,0.211,2.904,4.42,0.056,4.44034
200,2018-02-28,GASOLINA,23032,R$/l,4.208,0.268,3.479,5.2,0.452,0.064,3.756,0.213,2.99,4.439,0.057,4.40437333333333
201,2018-03-31,GASOLINA,24090,R$/l,4.199,0.283,3.479,5.2,0.426,0.067,3.773,0.227,2.99,4.527,0.06,4.38979666666667
202,2018-04-30,GASOLINA,25483,R$/l,4.215,0.292,3.397,5.2,0.414,0.069,3.801,0.231,2.99,4.572,0.061,4.35919736842105
203,2001-07-31,ETANOL_HIDRATADO,17899,R$/l,1.009,0.165,0.639,1.58,0.193,0.163,0.816,0.156,0.318,1.578,0.192,3.15657684210526
204,2001-08-31,ETANOL_HIDRATADO,28796,R$/l,1.014,0.173,0.649,1.65,0.208,0.171,0.806,0.155,0.4,1.342,0.193,3.14589052631579
205,2001-09-30,ETANOL_HIDRATADO,32994,R$/l,1.027,0.173,0.63,1.79,0.218,0.168,0.809,0.157,0.38,1.421,0.194,3.16135824561403
206,2001-10-31,ETANOL_HIDRATADO,42036,R$/l,1.039,0.166,0.65,1.88,0.224,0.16,0.816,0.15,0.4,1.337,0.184,3.19264649122807
207,2001-11-30,ETANOL_HIDRATADO,34592,R$/l,1.033,0.167,0.67,1.88,0.217,0.162,0.815,0.149,0.41,1.287,0.183,3.1528247368421
208,2001-12-31,ETANOL_HIDRATADO,38506,R$/l,1.029,0.166,0.67,1.88,0.213,0.161,0.816,0.147,0.4,1.338,0.181,3.12075842105263
209,2002-01-31,ETANOL_HIDRATADO,41454,R$/l,1.019,0.164,0.6,1.88,0.206,0.161,0.813,0.142,0.41,1.338,0.175,3.08649736842105
210,2002-02-28,ETANOL_HIDRATADO,36490,R$/l,1.01,0.162,0.679,1.88,0.201,0.16,0.809,0.142,0.41,1.3,0.176,3.05285789473684
211,2002-03-31,ETANOL_HIDRATADO,36486,R$/l,1.01,0.162,0.659,1.7,0.205,0.16,0.805,0.145,0.41,1.31,0.18,3.05179473684211
212,2002-04-30,ETANOL_HIDRATADO,45003,R$/l,1.01,0.158,0.659,1.7,0.208,0.157,0.801,0.142,0.32,1.31,0.177,3.0502
213,2002-05-31,ETANOL_HIDRATADO,46918,R$/l,1.002,0.158,0.659,1.7,0.208,0.158,0.793,0.143,0.41,1.298,0.18,3.01619578947368
214,2002-06-30,ETANOL_HIDRATADO,36794,R$/l,0.991,0.166,0.537,1.7,0.214,0.167,0.777,0.157,0.387,1.385,0.202,2.96865350877193
215,2002-07-31,ETANOL_HIDRATADO,54610,R$/l,0.94,0.19,0.5,1.7,0.223,0.202,0.717,0.176,0.367,1.33,0.246,2.79048070175439
216,2002-08-31,ETANOL_HIDRATADO,44339,R$/l,0.912,0.181,0.539,1.7,0.223,0.199,0.689,0.156,0.377,1.33,0.227,2.67616
217,2002-09-30,ETANOL_HIDRATADO,37893,R$/l,0.935,0.161,0.589,1.7,0.215,0.172,0.72,0.139,0.364,1.336,0.192,2.70559473684211
218,2002-10-31,ETANOL_HIDRATADO,39232,R$/l,1.014,0.14,0.649,1.7,0.209,0.138,0.804,0.125,0.379,1.336,0.156,2.89150105263158
219,2002-11-30,ETANOL_HIDRATADO,34131,R$/l,1.298,0.167,0.83,1.87,0.315,0.129,0.984,0.17,0.475,1.628,0.173,3.61322210526316
220,2002-12-31,ETANOL_HIDRATADO,42188,R$/l,1.313,0.169,0.799,1.97,0.25,0.129,1.064,0.165,0.49,1.879,0.156,3.53542526315789
221,2003-01-31,ETANOL_HIDRATADO,34542,R$/l,1.386,0.151,0.939,1.984,0.248,0.109,1.138,0.144,0.442,1.697,0.127,3.64080315789474
222,2003-02-28,ETANOL_HIDRATADO,34029,R$/l,1.569,0.181,1.099,2.49,0.312,0.116,1.257,0.171,0.505,1.987,0.136,4.05737894736842
223,2003-03-31,ETANOL_HIDRATADO,36919,R$/l,1.586,0.195,1.13,2.6,0.271,0.123,1.314,0.195,0.55,2.18,0.149,4.03790035087719
224,2003-04-30,ETANOL_HIDRATADO,39413,R$/l,1.562,0.215,1.087,2.6,0.254,0.138,1.308,0.209,0.695,2.527,0.159,3.9348698245614
225,2003-05-31,ETANOL_HIDRATADO,33844,R$/l,1.506,0.232,0.899,2.6,0.236,0.154,1.27,0.223,0.732,2.527,0.175,3.76949157894737
226,2003-06-30,ETANOL_HIDRATADO,37652,R$/l,1.348,0.299,0.69,2.6,0.234,0.222,1.114,0.288,0.487,2.526,0.258,3.38016912280702
227,2003-07-31,ETANOL_HIDRATADO,39130,R$/l,1.203,0.298,0.679,2.55,0.27,0.248,0.933,0.273,0.373,2.526,0.293,3.03768052631579
228,2003-08-31,ETANOL_HIDRATADO,33552,R$/l,1.208,0.252,0.72,2.55,0.288,0.208,0.92,0.215,0.431,2.18,0.233,3.05920701754386
229,2003-09-30,ETANOL_HIDRATADO,40369,R$/l,1.233,0.243,0.729,2.4,0.274,0.197,0.959,0.204,0.468,2.034,0.213,3.11429842105263
230,2003-10-31,ETANOL_HIDRATADO,35025,R$/l,1.201,0.253,0.69,2.4,0.288,0.211,0.913,0.211,0.404,1.87,0.231,3.00861035087719
231,2003-11-30,ETANOL_HIDRATADO,33409,R$/l,1.176,0.246,0.69,2.4,0.294,0.21,0.882,0.187,0.412,1.87,0.212,2.93814315789474
232,2003-12-31,ETANOL_HIDRATADO,41598,R$/l,1.191,0.229,0.749,2.4,0.28,0.192,0.911,0.166,0.483,1.87,0.183,2.96538105263158
233,2004-01-31,ETANOL_HIDRATADO,33157,R$/l,1.205,0.229,0.73,2.4,0.267,0.19,0.938,0.172,0.555,1.77,0.183,2.98734298245614
234,2004-02-29,ETANOL_HIDRATADO,33194,R$/l,1.17,0.257,0.559,2.4,0.289,0.22,0.882,0.219,0.339,1.941,0.248,2.88251052631579
235,2004-03-31,ETANOL_HIDRATADO,41415,R$/l,1.055,0.293,0.499,2.4,0.31,0.278,0.744,0.236,0.278,1.979,0.317,2.58641578947368
236,2004-04-30,ETANOL_HIDRATADO,33285,R$/l,1.032,0.263,0.559,2.4,0.302,0.255,0.73,0.198,0.297,1.891,0.272,2.50957052631579
237,2004-05-31,ETANOL_HIDRATADO,40002,R$/l,1.289,0.257,0.59,2.4,0.381,0.199,0.908,0.186,0.326,1.891,0.205,3.10716842105263
238,2004-06-30,ETANOL_HIDRATADO,52287,R$/l,1.359,0.237,0.669,2.4,0.379,0.174,0.98,0.183,0.34,1.871,0.187,3.24467210526316
239,2004-07-31,ETANOL_HIDRATADO,46315,R$/l,1.381,0.234,0.699,2.4,0.366,0.169,1.015,0.185,0.38,1.847,0.182,3.26376333333333
240,2004-08-31,ETANOL_HIDRATADO,55852,R$/l,1.462,0.225,0.69,2.32,0.35,0.154,1.112,0.188,0.379,1.85,0.169,3.42159298245614
241,2004-09-30,ETANOL_HIDRATADO,48033,R$/l,1.487,0.233,0.81,2.25,0.333,0.157,1.154,0.197,0.436,1.897,0.171,3.44827473684211
242,2004-10-31,ETANOL_HIDRATADO,46140,R$/l,1.534,0.211,0.869,2.484,0.334,0.138,1.2,0.185,0.436,1.878,0.154,3.53869578947368
243,2004-11-30,ETANOL_HIDRATADO,54839,R$/l,1.445,0.219,0.99,2.372,0.269,0.152,1.176,0.19,0.466,2.085,0.162,3.3235
244,2004-12-31,ETANOL_HIDRATADO,48415,R$/l,1.478,0.242,1.05,2.372,0.277,0.164,1.201,0.222,0.466,1.993,0.185,3.37813754385965
245,2005-01-31,ETANOL_HIDRATADO,53931,R$/l,1.46,0.248,0.979,2.372,0.272,0.17,1.188,0.229,0.741,2.027,0.193,3.31804210526316
246,2005-02-28,ETANOL_HIDRATADO,43138,R$/l,1.448,0.254,0.99,2.372,0.206,0.175,1.242,0.237,0.48,2.088,0.191,3.28086315789474
247,2005-03-31,ETANOL_HIDRATADO,52519,R$/l,1.444,0.25,0.99,2.372,0.207,0.173,1.237,0.23,0.48,2.005,0.186,3.2642
248,2005-04-30,ETANOL_HIDRATADO,45994,R$/l,1.451,0.259,0.999,2.372,0.207,0.178,1.244,0.235,0.48,1.966,0.189,3.25838596491228
249,2005-05-31,ETANOL_HIDRATADO,54816,R$/l,1.354,0.299,0.76,2.385,0.224,0.221,1.13,0.291,0.6,1.995,0.258,3.02013263157895
250,2005-06-30,ETANOL_HIDRATADO,48750,R$/l,1.21,0.328,0.759,2.385,0.208,0.271,1.002,0.288,0.512,1.975,0.287,2.70360701754386
251,2005-07-31,ETANOL_HIDRATADO,46050,R$/l,1.256,0.292,0.82,2.385,0.208,0.232,1.048,0.254,0.587,1.985,0.242,2.81608421052632
252,2005-08-31,ETANOL_HIDRATADO,29697,R$/l,1.271,0.286,0.799,2.385,0.211,0.225,1.06,0.249,0.557,1.991,0.235,2.85729719298246
253,2005-09-30,ETANOL_HIDRATADO,29556,R$/l,1.308,0.259,0.87,2.399,0.264,0.198,1.044,0.214,0.506,1.89,0.205,2.95539157894737
254,2005-10-31,ETANOL_HIDRATADO,40650,R$/l,1.434,0.223,0.949,2.372,0.229,0.156,1.205,0.197,0.701,1.979,0.163,3.25341894736842
255,2005-11-30,ETANOL_HIDRATADO,52504,R$/l,1.45,0.234,1.09,2.41,0.193,0.161,1.257,0.208,0.83,2.067,0.165,3.27445614035088
256,2005-12-31,ETANOL_HIDRATADO,45823,R$/l,1.536,0.226,1.089,2.55,0.199,0.147,1.337,0.197,0.82,2.166,0.147,3.45788631578947
257,2006-01-31,ETANOL_HIDRATADO,52997,R$/l,1.693,0.231,1.149,2.62,0.208,0.136,1.485,0.2,0.99,2.19,0.135,3.81162614035088
258,2006-02-28,ETANOL_HIDRATADO,39296,R$/l,1.732,0.238,1.29,2.65,0.199,0.137,1.533,0.215,1.05,2.211,0.14,3.87147578947368
259,2006-03-31,ETANOL_HIDRATADO,51989,R$/l,1.95,0.243,1.399,2.91,0.249,0.125,1.701,0.212,1.145,2.692,0.125,4.35842105263158
260,2006-04-30,ETANOL_HIDRATADO,43394,R$/l,1.943,0.283,1.29,3.15,0.223,0.146,1.72,0.267,1.099,2.952,0.155,4.35061561403509
261,2006-05-31,ETANOL_HIDRATADO,51907,R$/l,1.71,0.356,1.089,3.15,0.23,0.208,1.48,0.357,0.9,2.925,0.241,3.8415
262,2006-06-30,ETANOL_HIDRATADO,45614,R$/l,1.555,0.339,1.089,2.84,0.22,0.218,1.335,0.313,0.875,2.692,0.234,3.48292719298246
263,2006-07-31,ETANOL_HIDRATADO,46215,R$/l,1.571,0.306,1.08,2.8,0.222,0.195,1.349,0.272,0.899,2.321,0.202,3.49809333333333
264,2006-08-31,ETANOL_HIDRATADO,53363,R$/l,1.576,0.298,1.06,3.15,0.225,0.189,1.351,0.275,0.842,2.312,0.204,3.5042498245614
265,2006-09-30,ETANOL_HIDRATADO,44288,R$/l,1.515,0.32,0.979,2.8,0.248,0.211,1.267,0.298,0.83,2.3,0.235,3.35878157894737
266,2006-10-31,ETANOL_HIDRATADO,44121,R$/l,1.466,0.32,0.979,2.8,0.25,0.218,1.216,0.283,0.8,2.287,0.233,3.24268912280702
267,2006-11-30,ETANOL_HIDRATADO,43874,R$/l,1.448,0.306,0.99,2.89,0.242,0.211,1.206,0.257,0.8,2.22,0.213,3.19093473684211
268,2006-12-31,ETANOL_HIDRATADO,39867,R$/l,1.448,0.29,0.999,2.8,0.238,0.2,1.21,0.239,0.868,2.235,0.198,3.17188210526316
269,2007-01-31,ETANOL_HIDRATADO,53047,R$/l,1.544,0.237,1.09,2.8,0.235,0.153,1.309,0.206,0.899,2.305,0.157,3.37350456140351
270,2007-02-28,ETANOL_HIDRATADO,46286,R$/l,1.545,0.241,1.129,2.8,0.24,0.156,1.305,0.221,0.82,2.305,0.169,3.36213684210526
271,2007-03-31,ETANOL_HIDRATADO,46214,R$/l,1.54,0.24,1.099,2.8,0.234,0.156,1.306,0.215,0.97,2.306,0.165,3.34396140350877
272,2007-04-30,ETANOL_HIDRATADO,46002,R$/l,1.63,0.224,1.159,2.78,0.217,0.137,1.413,0.193,1.119,2.311,0.137,3.5296649122807
273,2007-05-31,ETANOL_HIDRATADO,57160,R$/l,1.626,0.239,1.09,2.78,0.255,0.147,1.371,0.248,0.74,2.311,0.181,3.51986210526316
274,2007-06-30,ETANOL_HIDRATADO,45800,R$/l,1.463,0.278,0.85,2.78,0.321,0.19,1.142,0.299,0.689,2.314,0.262,3.16598333333333
275,2007-07-31,ETANOL_HIDRATADO,54071,R$/l,1.351,0.289,0.85,2.78,0.297,0.214,1.054,0.272,0.685,2.314,0.258,2.91744894736842
276,2007-08-31,ETANOL_HIDRATADO,38968,R$/l,1.305,0.297,0.85,2.8,0.273,0.228,1.032,0.255,0.69,2.05,0.247,2.81170263157895
277,2007-09-30,ETANOL_HIDRATADO,32415,R$/l,1.279,0.297,0.829,2.8,0.265,0.232,1.014,0.246,0.618,2.032,0.243,2.73369421052632
278,2007-10-31,ETANOL_HIDRATADO,40758,R$/l,1.268,0.289,0.84,2.89,0.264,0.228,1.004,0.236,0.685,2.032,0.235,2.68148631578947
279,2007-11-30,ETANOL_HIDRATADO,32534,R$/l,1.36,0.253,0.87,2.8,0.252,0.186,1.108,0.195,0.753,2.113,0.176,2.85098947368421
280,2007-12-31,ETANOL_HIDRATADO,35608,R$/l,1.467,0.238,1.059,2.78,0.257,0.162,1.21,0.203,0.674,2.113,0.168,3.05753684210526
281,2008-01-31,ETANOL_HIDRATADO,37812,R$/l,1.464,0.241,0.989,2.78,0.259,0.165,1.205,0.216,0.839,2.261,0.179,3.00608
282,2008-02-29,ETANOL_HIDRATADO,32688,R$/l,1.42,0.257,0.949,2.78,0.261,0.181,1.159,0.225,0.799,2.261,0.194,2.88857894736842
283,2008-03-31,ETANOL_HIDRATADO,32757,R$/l,1.439,0.244,0.979,2.78,0.245,0.17,1.194,0.206,0.89,2.261,0.173,2.91384877192982
284,2008-04-30,ETANOL_HIDRATADO,41092,R$/l,1.437,0.246,1.01,2.78,0.241,0.171,1.196,0.214,0.83,2.261,0.179,2.89114315789474
285,2008-05-31,ETANOL_HIDRATADO,33092,R$/l,1.441,0.248,0.979,2.8,0.249,0.172,1.192,0.221,0.8,2.261,0.185,2.88174719298246
286,2008-06-30,ETANOL_HIDRATADO,33280,R$/l,1.414,0.266,0.889,2.78,0.278,0.188,1.136,0.249,0.759,2.261,0.219,2.78781263157895
287,2008-07-31,ETANOL_HIDRATADO,41613,R$/l,1.423,0.276,0.96,2.78,0.249,0.194,1.174,0.248,0.85,2.404,0.211,2.75612631578947
288,2008-08-31,ETANOL_HIDRATADO,33237,R$/l,1.428,0.284,0.929,2.78,0.247,0.199,1.181,0.266,0.825,2.332,0.225,2.72171789473684
289,2008-09-30,ETANOL_HIDRATADO,33414,R$/l,1.449,0.269,0.99,2.78,0.245,0.186,1.204,0.254,0.88,2.332,0.211,2.76987789473684
290,2008-10-31,ETANOL_HIDRATADO,41807,R$/l,1.471,0.249,1,2.85,0.247,0.169,1.224,0.23,0.79,2.398,0.188,2.80909385964912
291,2008-11-30,ETANOL_HIDRATADO,33405,R$/l,1.478,0.245,1.04,2.85,0.28,0.166,1.198,0.227,0.797,2.398,0.189,2.7970501754386
292,2008-12-31,ETANOL_HIDRATADO,41874,R$/l,1.476,0.243,1.05,2.85,0.265,0.165,1.211,0.21,0.711,2.398,0.173,2.78342526315789
293,2009-01-31,ETANOL_HIDRATADO,33436,R$/l,1.477,0.237,1.05,2.85,0.252,0.16,1.225,0.197,0.711,2.345,0.161,2.78867964912281
294,2009-02-28,ETANOL_HIDRATADO,33505,R$/l,1.499,0.227,1.129,2.85,0.24,0.151,1.259,0.199,0.86,2.033,0.158,2.84178842105263
295,2009-03-31,ETANOL_HIDRATADO,39370,R$/l,1.478,0.242,0.949,2.85,0.273,0.164,1.205,0.237,0.72,2.322,0.197,2.7952350877193
296,2009-04-30,ETANOL_HIDRATADO,36209,R$/l,1.425,0.257,0.879,2.85,0.307,0.18,1.118,0.248,0.68,2.322,0.222,2.7135
297,2009-05-31,ETANOL_HIDRATADO,33661,R$/l,1.388,0.271,0.85,2.85,0.3,0.195,1.088,0.25,0.669,2.391,0.23,2.64669684210526
298,2009-06-30,ETANOL_HIDRATADO,38734,R$/l,1.34,0.288,0.829,2.85,0.284,0.215,1.056,0.255,0.68,2.391,0.241,2.55681403508772
299,2009-07-31,ETANOL_HIDRATADO,37042,R$/l,1.374,0.265,0.869,2.85,0.256,0.193,1.118,0.236,0.699,2.389,0.211,2.62409894736842
300,2009-08-31,ETANOL_HIDRATADO,17631,R$/l,1.4,0.256,0.92,2.85,0.245,0.183,1.155,0.232,0.699,2.389,0.201,2.68431578947368
301,2009-09-30,ETANOL_HIDRATADO,17921,R$/l,1.447,0.224,0.99,2.85,0.231,0.155,1.216,0.205,0.75,2.387,0.169,2.78357105263158
302,2009-10-31,ETANOL_HIDRATADO,25424,R$/l,1.616,0.201,1.099,2.88,0.253,0.124,1.363,0.193,0.77,2.422,0.142,3.09676631578947
303,2009-11-30,ETANOL_HIDRATADO,30236,R$/l,1.675,0.198,1.239,2.99,0.249,0.118,1.426,0.193,0.748,2.391,0.135,3.20835964912281
304,2009-12-31,ETANOL_HIDRATADO,34116,R$/l,1.703,0.19,1.149,2.99,0.253,0.112,1.45,0.191,0.75,2.391,0.132,3.25900421052632
305,2010-01-31,ETANOL_HIDRATADO,29971,R$/l,1.89,0.182,1.229,2.84,0.265,0.096,1.625,0.178,0.85,2.459,0.11,3.62548421052632
306,2010-02-28,ETANOL_HIDRATADO,31421,R$/l,1.943,0.205,1.169,2.99,0.259,0.106,1.684,0.196,1.02,2.45,0.116,3.70567596491228
307,2010-03-31,ETANOL_HIDRATADO,40918,R$/l,1.763,0.283,1.159,2.99,0.287,0.161,1.476,0.292,0.779,2.368,0.198,3.32588403508772
308,2010-04-30,ETANOL_HIDRATADO,33225,R$/l,1.629,0.269,1.13,2.99,0.289,0.165,1.34,0.253,0.748,2.288,0.189,3.04623
309,2010-05-31,ETANOL_HIDRATADO,34680,R$/l,1.545,0.289,0.959,2.99,0.288,0.187,1.257,0.262,0.8,2.375,0.208,2.86827894736842
310,2010-06-30,ETANOL_HIDRATADO,39938,R$/l,1.475,0.3,0.96,2.84,0.272,0.203,1.203,0.26,0.779,2.194,0.216,2.70753070175439
311,2010-07-31,ETANOL_HIDRATADO,33401,R$/l,1.501,0.272,0.989,2.79,0.263,0.181,1.238,0.235,0.792,2.269,0.19,2.73287333333333
312,2010-08-31,ETANOL_HIDRATADO,39452,R$/l,1.549,0.245,1.079,2.79,0.258,0.158,1.291,0.218,0.8,2.111,0.169,2.81619070175439
313,2010-09-30,ETANOL_HIDRATADO,35782,R$/l,1.566,0.237,1.099,2.79,0.248,0.151,1.318,0.216,0.8,2.03,0.164,2.82594315789474
314,2010-10-31,ETANOL_HIDRATADO,33479,R$/l,1.673,0.209,1.199,2.79,0.254,0.125,1.419,0.201,0.8,2.111,0.142,2.98527771929825
315,2010-11-30,ETANOL_HIDRATADO,41036,R$/l,1.721,0.2,1.219,2.79,0.249,0.116,1.472,0.196,0.82,2.154,0.133,3.04043333333333
316,2010-12-31,ETANOL_HIDRATADO,34274,R$/l,1.778,0.183,1.299,2.79,0.244,0.103,1.534,0.182,0.82,2.208,0.119,3.09590350877193
317,2011-01-31,ETANOL_HIDRATADO,37173,R$/l,1.835,0.175,1.27,2.79,0.242,0.095,1.593,0.179,0.82,2.296,0.112,3.17294035087719
318,2011-02-28,ETANOL_HIDRATADO,29498,R$/l,1.872,0.177,1.399,2.79,0.237,0.095,1.635,0.179,0.82,2.296,0.109,3.21097263157895
319,2011-03-31,ETANOL_HIDRATADO,41873,R$/l,2.083,0.207,1.499,3,0.277,0.099,1.806,0.18,0.82,2.518,0.1,3.53634929824561
320,2011-04-30,ETANOL_HIDRATADO,33388,R$/l,2.301,0.245,1.65,3.25,0.314,0.106,1.987,0.194,1.097,2.87,0.098,3.88142368421053
321,2011-05-31,ETANOL_HIDRATADO,39243,R$/l,2.032,0.325,1.37,3.2,0.285,0.16,1.747,0.301,1,2.936,0.172,3.41162105263158
322,2011-06-30,ETANOL_HIDRATADO,35831,R$/l,1.859,0.278,1.329,3.1,0.263,0.15,1.596,0.242,1.115,2.585,0.152,3.10713912280702
323,2011-07-31,ETANOL_HIDRATADO,33418,R$/l,1.932,0.238,1.44,2.99,0.254,0.123,1.678,0.211,1.129,2.459,0.126,3.23525263157895
324,2011-08-31,ETANOL_HIDRATADO,41151,R$/l,1.946,0.233,1.399,2.99,0.253,0.12,1.693,0.209,1.07,2.383,0.123,3.26279333333333
325,2011-09-30,ETANOL_HIDRATADO,33933,R$/l,2.006,0.213,1.529,3.099,0.255,0.106,1.751,0.192,1.27,2.482,0.11,3.34790842105263
326,2011-10-31,ETANOL_HIDRATADO,37361,R$/l,2.005,0.221,1.459,2.99,0.259,0.11,1.746,0.194,1.18,2.501,0.111,3.32337543859649
327,2011-11-30,ETANOL_HIDRATADO,37623,R$/l,2.03,0.211,1.499,2.99,0.236,0.104,1.794,0.184,1.27,2.531,0.103,3.34593859649123
328,2011-12-31,ETANOL_HIDRATADO,33485,R$/l,2.055,0.206,1.56,2.99,0.235,0.1,1.82,0.188,1.27,2.632,0.103,3.36911842105263
329,2012-01-31,ETANOL_HIDRATADO,39795,R$/l,2.034,0.22,1.49,2.99,0.263,0.108,1.771,0.211,1.28,2.666,0.119,3.33897157894737
330,2012-02-29,ETANOL_HIDRATADO,34510,R$/l,1.982,0.245,1.39,2.99,0.288,0.124,1.694,0.224,1,2.676,0.132,3.24491649122807
331,2012-03-31,ETANOL_HIDRATADO,33793,R$/l,1.997,0.235,1.3,2.999,0.264,0.118,1.733,0.203,1.246,2.684,0.117,3.27157649122807
332,2012-04-30,ETANOL_HIDRATADO,33731,R$/l,1.986,0.227,1.499,3.12,0.247,0.114,1.739,0.198,1.28,2.684,0.114,3.23857368421053
333,2012-05-31,ETANOL_HIDRATADO,40688,R$/l,1.967,0.24,1.399,3.12,0.261,0.122,1.706,0.226,1.195,2.691,0.132,3.17825789473684
334,2012-06-30,ETANOL_HIDRATADO,33049,R$/l,1.938,0.255,1.399,3.12,0.282,0.132,1.656,0.249,1.23,2.687,0.15,3.09672
335,2012-07-31,ETANOL_HIDRATADO,37732,R$/l,1.909,0.267,1.299,3.12,0.287,0.14,1.622,0.253,1.241,2.661,0.156,3.02827684210526
336,2012-08-31,ETANOL_HIDRATADO,36455,R$/l,1.89,0.275,1.289,3.12,0.29,0.146,1.6,0.259,1.173,2.663,0.162,2.95370526315789
337,2012-09-30,ETANOL_HIDRATADO,32881,R$/l,1.888,0.273,1.289,3.12,0.282,0.145,1.606,0.245,1.173,2.667,0.153,2.90321403508772
338,2012-10-31,ETANOL_HIDRATADO,40179,R$/l,1.888,0.27,1.299,3.12,0.3,0.143,1.588,0.252,1.154,2.595,0.159,2.8710849122807
339,2012-11-30,ETANOL_HIDRATADO,33523,R$/l,1.896,0.268,1.299,3.12,0.302,0.141,1.594,0.244,1.147,2.433,0.153,2.88258526315789
340,2012-12-31,ETANOL_HIDRATADO,33947,R$/l,1.936,0.247,1.459,3.12,0.269,0.128,1.667,0.221,1.189,2.469,0.133,2.94441824561404
341,2013-01-31,ETANOL_HIDRATADO,39584,R$/l,1.956,0.244,1.479,3.12,0.266,0.125,1.69,0.222,1.22,2.475,0.131,2.95150105263158
342,2013-02-28,ETANOL_HIDRATADO,32571,R$/l,2,0.239,1.48,3.15,0.267,0.12,1.733,0.217,1.3,2.601,0.125,3.0059649122807
343,2013-03-31,ETANOL_HIDRATADO,32591,R$/l,2.058,0.23,1.58,3.15,0.254,0.112,1.804,0.21,1.298,2.659,0.116,3.08266736842105
344,2013-04-30,ETANOL_HIDRATADO,36797,R$/l,2.064,0.238,1.58,3.16,0.262,0.115,1.802,0.22,1.3,2.66,0.122,3.08405052631579
345,2013-05-31,ETANOL_HIDRATADO,36036,R$/l,2.029,0.261,1.389,3.16,0.301,0.129,1.728,0.265,1.235,2.66,0.153,3.02641368421053
346,2013-06-30,ETANOL_HIDRATADO,32257,R$/l,1.943,0.297,1.29,3.16,0.329,0.153,1.614,0.285,1.159,2.501,0.177,2.89813789473684
347,2013-07-31,ETANOL_HIDRATADO,39298,R$/l,1.918,0.301,1.29,3.12,0.303,0.157,1.615,0.267,1.159,2.501,0.165,2.83561157894737
348,2013-08-31,ETANOL_HIDRATADO,33169,R$/l,1.902,0.303,1.259,3.12,0.325,0.159,1.577,0.275,1.154,2.396,0.174,2.80328105263158
349,2013-09-30,ETANOL_HIDRATADO,34648,R$/l,1.895,0.302,1.279,3.02,0.31,0.159,1.585,0.258,1.184,2.515,0.163,2.78797719298246
350,2013-10-31,ETANOL_HIDRATADO,37563,R$/l,1.914,0.289,1.396,2.999,0.289,0.151,1.625,0.239,1.219,2.456,0.147,2.76556210526316
351,2013-11-30,ETANOL_HIDRATADO,32090,R$/l,1.932,0.282,1.379,2.999,0.292,0.146,1.64,0.232,1.23,2.416,0.141,2.76242105263158
352,2013-12-31,ETANOL_HIDRATADO,36734,R$/l,2.022,0.252,1.579,3.028,0.294,0.125,1.728,0.216,1.297,2.437,0.125,2.88081789473684
353,2014-01-31,ETANOL_HIDRATADO,35088,R$/l,2.047,0.249,1.555,3.02,0.277,0.122,1.77,0.215,1.298,2.481,0.121,2.89488894736842
354,2014-02-28,ETANOL_HIDRATADO,31777,R$/l,2.074,0.242,1.599,3.15,0.27,0.117,1.804,0.215,1.45,2.553,0.119,2.91560736842105
355,2014-03-31,ETANOL_HIDRATADO,33549,R$/l,2.168,0.222,1.769,3.15,0.27,0.102,1.898,0.202,1.512,2.678,0.106,3.03329824561404
356,2014-04-30,ETANOL_HIDRATADO,37283,R$/l,2.177,0.24,1.499,3.17,0.294,0.11,1.883,0.23,1.356,2.741,0.122,2.98210807017544
357,2014-05-31,ETANOL_HIDRATADO,31337,R$/l,2.134,0.267,1.51,3.17,0.333,0.125,1.801,0.273,1.3,2.741,0.152,2.89400350877193
358,2014-06-30,ETANOL_HIDRATADO,33237,R$/l,2.071,0.294,1.549,3.17,0.341,0.142,1.73,0.276,1.342,2.741,0.16,2.81329
359,2014-07-31,ETANOL_HIDRATADO,37356,R$/l,2.042,0.299,1.559,3.2,0.319,0.146,1.723,0.26,1.359,2.629,0.151,2.80040596491228
360,2014-08-31,ETANOL_HIDRATADO,31294,R$/l,2.034,0.302,1.559,3.2,0.318,0.148,1.716,0.263,1.36,2.663,0.153,2.81120210526316
361,2014-09-30,ETANOL_HIDRATADO,35737,R$/l,2.005,0.305,1.499,3.2,0.309,0.152,1.696,0.267,1.34,2.502,0.157,2.78061842105263
362,2014-10-31,ETANOL_HIDRATADO,34305,R$/l,1.999,0.308,1.47,3.17,0.33,0.154,1.669,0.28,1.275,2.673,0.168,2.76528333333333
363,2014-11-30,ETANOL_HIDRATADO,31032,R$/l,2.016,0.303,1.47,3.43,0.349,0.15,1.667,0.273,1.315,2.673,0.164,2.77889684210526
364,2014-12-31,ETANOL_HIDRATADO,38670,R$/l,2.041,0.292,1.599,3.328,0.316,0.143,1.725,0.246,1.35,2.786,0.143,2.77826649122807
365,2015-01-31,ETANOL_HIDRATADO,31032,R$/l,2.061,0.286,1.599,3.32,0.295,0.139,1.766,0.238,1.395,2.786,0.135,2.78307315789474
366,2015-02-28,ETANOL_HIDRATADO,30770,R$/l,2.224,0.267,1.63,3.61,0.354,0.12,1.87,0.23,1.338,2.757,0.123,2.97352701754386
367,2015-03-31,ETANOL_HIDRATADO,35541,R$/l,2.226,0.276,1.65,3.61,0.381,0.124,1.845,0.251,1.381,2.757,0.136,2.96565684210526
368,2015-04-30,ETANOL_HIDRATADO,33790,R$/l,2.179,0.296,1.649,3.61,0.391,0.136,1.788,0.258,1.369,2.706,0.144,2.86557614035088
369,2015-05-31,ETANOL_HIDRATADO,30876,R$/l,2.141,0.309,1.579,3.61,0.37,0.144,1.771,0.269,1.363,2.706,0.152,2.77165596491228
370,2015-06-30,ETANOL_HIDRATADO,36073,R$/l,2.112,0.32,1.579,3.61,0.371,0.152,1.741,0.281,1.336,2.691,0.161,2.71892210526316
371,2015-07-31,ETANOL_HIDRATADO,33344,R$/l,2.081,0.334,1.479,3.61,0.359,0.16,1.722,0.285,1.338,2.674,0.166,2.65455280701754
372,2015-08-31,ETANOL_HIDRATADO,19054,R$/l,2.061,0.345,1.467,3.61,0.362,0.167,1.699,0.295,1.171,2.699,0.174,2.60409157894737
373,2015-09-30,ETANOL_HIDRATADO,12475,R$/l,2.074,0.336,1.39,3.61,0.339,0.162,1.735,0.274,1.22,2.699,0.158,2.61032912280702
374,2015-10-31,ETANOL_HIDRATADO,13086,R$/l,2.365,0.272,1.67,3.79,0.369,0.115,1.996,0.245,1.445,2.862,0.123,2.93716403508772
375,2015-11-30,ETANOL_HIDRATADO,16338,R$/l,2.578,0.271,1.89,3.8,0.363,0.105,2.215,0.242,1.577,3.252,0.109,3.11621403508772
376,2015-12-31,ETANOL_HIDRATADO,22409,R$/l,2.659,0.275,2.13,3.85,0.363,0.103,2.296,0.261,1.752,3.254,0.114,3.14321789473684
377,2016-01-31,ETANOL_HIDRATADO,20842,R$/l,2.718,0.304,2.179,3.955,0.349,0.112,2.369,0.265,1.917,3.462,0.112,3.18959684210526
378,2016-02-29,ETANOL_HIDRATADO,22689,R$/l,2.808,0.311,2.199,4.296,0.327,0.111,2.481,0.264,1.95,3.59,0.106,3.23905263157895
379,2016-03-31,ETANOL_HIDRATADO,24029,R$/l,2.869,0.326,2.259,4.296,0.324,0.114,2.545,0.284,2.05,3.68,0.112,3.24448666666667
380,2016-04-30,ETANOL_HIDRATADO,20839,R$/l,2.741,0.406,1.859,4.296,0.444,0.148,2.297,0.419,1.499,3.83,0.182,3.07520964912281
381,2016-05-31,ETANOL_HIDRATADO,24153,R$/l,2.478,0.479,1.597,4.296,0.433,0.193,2.045,0.406,1.42,3.69,0.199,2.76579578947368
382,2016-06-30,ETANOL_HIDRATADO,22695,R$/l,2.466,0.437,1.749,4.069,0.364,0.177,2.102,0.349,1.584,3.69,0.166,2.71692631578947
383,2016-07-31,ETANOL_HIDRATADO,20747,R$/l,2.454,0.441,1.79,3.999,0.369,0.18,2.085,0.359,1.574,3.567,0.172,2.63094631578947
384,2016-08-31,ETANOL_HIDRATADO,25529,R$/l,2.485,0.417,1.89,3.999,0.34,0.168,2.145,0.337,1.626,3.57,0.157,2.65633421052632
385,2016-09-30,ETANOL_HIDRATADO,21236,R$/l,2.51,0.403,1.89,3.999,0.331,0.161,2.179,0.327,1.696,3.47,0.15,2.67645263157895
386,2016-10-31,ETANOL_HIDRATADO,22402,R$/l,2.676,0.352,1.979,4.2,0.332,0.132,2.344,0.295,1.77,3.591,0.126,2.84407157894737
387,2016-11-30,ETANOL_HIDRATADO,23703,R$/l,2.812,0.332,2.259,4.479,0.322,0.118,2.49,0.283,1.766,3.823,0.114,2.98072
388,2016-12-31,ETANOL_HIDRATADO,20865,R$/l,2.831,0.344,2.299,4.479,0.345,0.122,2.486,0.292,1.984,3.791,0.117,3.00235
389,2017-01-31,ETANOL_HIDRATADO,23751,R$/l,2.91,0.346,2.259,4.489,0.347,0.119,2.563,0.29,1.983,3.915,0.113,3.05856315789474
390,2017-02-28,ETANOL_HIDRATADO,18374,R$/l,2.884,0.37,2.239,4.489,0.366,0.128,2.518,0.309,2,3.928,0.123,2.99885403508772
391,2017-03-31,ETANOL_HIDRATADO,24159,R$/l,2.745,0.418,1.999,4.429,0.386,0.152,2.359,0.361,1.785,4.14,0.153,2.85046578947368
392,2017-04-30,ETANOL_HIDRATADO,20290,R$/l,2.639,0.423,1.899,4.299,0.383,0.16,2.256,0.354,1.74,3.947,0.157,2.7399301754386
393,2017-05-31,ETANOL_HIDRATADO,24694,R$/l,2.584,0.427,1.87,4.238,0.375,0.165,2.209,0.351,1.687,3.836,0.159,2.73269333333333
394,2017-06-30,ETANOL_HIDRATADO,20905,R$/l,2.485,0.454,1.79,4.157,0.369,0.183,2.116,0.361,1.65,3.582,0.171,2.66854122807018
395,2017-07-31,ETANOL_HIDRATADO,20953,R$/l,2.46,0.452,1.699,4.157,0.388,0.184,2.072,0.366,1.582,3.712,0.177,2.67061052631579
396,2017-08-31,ETANOL_HIDRATADO,13220,R$/l,2.611,0.406,1.889,4.444,0.383,0.155,2.228,0.332,1.63,3.747,0.149,2.86751929824561
397,2017-09-30,ETANOL_HIDRATADO,11187,R$/l,2.633,0.4,1.939,4.25,0.365,0.152,2.268,0.325,1.63,3.763,0.143,2.88706140350877
398,2017-10-31,ETANOL_HIDRATADO,13725,R$/l,2.668,0.384,1.999,4.299,0.356,0.144,2.312,0.308,1.683,3.818,0.133,2.90343929824561
399,2017-11-30,ETANOL_HIDRATADO,11431,R$/l,2.79,0.362,1.99,4.399,0.372,0.13,2.418,0.281,1.687,4.457,0.116,3.02641578947368
400,2017-12-31,ETANOL_HIDRATADO,11153,R$/l,2.879,0.344,1.99,4.399,0.361,0.119,2.518,0.275,1.69,4.457,0.109,3.09669280701754
401,2018-01-31,ETANOL_HIDRATADO,24362,R$/l,2.984,0.347,2.197,4.739,0.346,0.116,2.638,0.28,1.69,3.908,0.106,3.16304
402,2018-02-28,ETANOL_HIDRATADO,20370,R$/l,3.023,0.361,2.199,4.739,0.332,0.119,2.691,0.303,2.04,4.007,0.113,3.16407333333333
403,2018-03-31,ETANOL_HIDRATADO,21290,R$/l,3.032,0.373,2.17,4.739,0.318,0.123,2.714,0.313,1.69,4.007,0.115,3.1697698245614
404,2018-04-30,ETANOL_HIDRATADO,22233,R$/l,2.972,0.41,2.099,4.79,0.392,0.138,2.58,0.39,1.935,4.283,0.151,3.07367368421053
405,2001-07-31,OLEO_DIESEL,14011,R$/l,0.829,0.042,0.659,1,0.103,0.051,0.726,0.05,0.512,0.93,0.068,2.59346105263158
406,2001-08-31,OLEO_DIESEL,24726,R$/l,0.85,0.046,0.699,1.28,0.1,0.054,0.75,0.044,0.519,0.979,0.059,2.63708771929825
407,2001-09-30,OLEO_DIESEL,29217,R$/l,0.86,0.047,0.729,1.28,0.105,0.054,0.755,0.044,0.592,0.96,0.058,2.64729122807018
408,2001-10-31,OLEO_DIESEL,37296,R$/l,0.898,0.053,0.69,1.39,0.123,0.059,0.776,0.049,0.543,0.982,0.063,2.75938070175439
409,2001-11-30,OLEO_DIESEL,30633,R$/l,0.908,0.049,0.739,1.32,0.12,0.054,0.787,0.048,0.593,1.02,0.061,2.77131157894737
410,2001-12-31,OLEO_DIESEL,34126,R$/l,0.908,0.049,0.77,1.32,0.121,0.054,0.787,0.048,0.49,0.99,0.061,2.75378877192982
411,2002-01-31,OLEO_DIESEL,36644,R$/l,0.884,0.047,0.658,1.32,0.133,0.053,0.751,0.047,0.532,0.961,0.063,2.67758947368421
412,2002-02-28,OLEO_DIESEL,32373,R$/l,0.878,0.045,0.7,1.32,0.131,0.051,0.747,0.044,0.578,0.932,0.058,2.65387052631579
413,2002-03-31,OLEO_DIESEL,32492,R$/l,0.889,0.045,0.701,1.32,0.13,0.051,0.759,0.043,0.557,0.956,0.056,2.68618368421053
414,2002-04-30,OLEO_DIESEL,39991,R$/l,0.958,0.049,0.71,1.39,0.146,0.051,0.812,0.05,0.578,1.03,0.062,2.89316
415,2002-05-31,OLEO_DIESEL,41764,R$/l,0.976,0.049,0.799,1.39,0.138,0.05,0.838,0.048,0.629,1.043,0.057,2.93793122807018
416,2002-06-30,OLEO_DIESEL,32784,R$/l,0.988,0.047,0.81,1.39,0.135,0.048,0.853,0.045,0.503,1.049,0.052,2.95966666666667
417,2002-07-31,OLEO_DIESEL,48633,R$/l,1.064,0.057,0.82,1.39,0.155,0.053,0.909,0.055,0.62,1.12,0.061,3.15858666666667
418,2002-08-31,OLEO_DIESEL,39510,R$/l,1.068,0.052,0.718,1.4,0.141,0.049,0.927,0.045,0.62,1.134,0.049,3.13392421052632
419,2002-09-30,OLEO_DIESEL,33774,R$/l,1.066,0.052,0.899,1.39,0.139,0.049,0.927,0.044,0.604,1.134,0.048,3.08466736842105
420,2002-10-31,OLEO_DIESEL,35062,R$/l,1.068,0.052,0.88,1.39,0.139,0.049,0.928,0.044,0.665,1.134,0.048,3.04548631578947
421,2002-11-30,OLEO_DIESEL,30469,R$/l,1.264,0.068,0.9,1.69,0.211,0.054,1.053,0.097,0.651,1.379,0.092,3.51857684210526
422,2002-12-31,OLEO_DIESEL,37539,R$/l,1.392,0.09,0.999,1.94,0.206,0.064,1.186,0.076,0.819,1.495,0.064,3.74814315789474
423,2003-01-31,OLEO_DIESEL,30766,R$/l,1.527,0.077,1.2,1.94,0.203,0.05,1.324,0.085,0.875,1.633,0.064,4.01118789473684
424,2003-02-28,OLEO_DIESEL,30340,R$/l,1.539,0.077,1.32,1.94,0.184,0.05,1.355,0.065,0.885,1.596,0.048,3.9798
425,2003-03-31,OLEO_DIESEL,32998,R$/l,1.537,0.077,1.299,1.94,0.178,0.05,1.358,0.059,1.045,1.651,0.044,3.91314807017544
426,2003-04-30,OLEO_DIESEL,35327,R$/l,1.529,0.078,1.25,1.94,0.175,0.051,1.354,0.059,1.042,1.59,0.043,3.85173877192982
427,2003-05-31,OLEO_DIESEL,30443,R$/l,1.456,0.077,1.23,1.9,0.18,0.053,1.276,0.065,0.983,1.652,0.051,3.64434245614035
428,2003-06-30,OLEO_DIESEL,33842,R$/l,1.429,0.076,1.039,1.98,0.176,0.053,1.253,0.056,0.905,1.573,0.045,3.5832801754386
429,2003-07-31,OLEO_DIESEL,35091,R$/l,1.416,0.075,1.149,1.98,0.17,0.053,1.245,0.054,0.946,1.541,0.044,3.57552421052632
430,2003-08-31,OLEO_DIESEL,30058,R$/l,1.408,0.076,1.2,1.9,0.169,0.054,1.239,0.054,0.949,1.506,0.043,3.56569824561404
431,2003-09-30,OLEO_DIESEL,36411,R$/l,1.401,0.076,1.148,1.9,0.17,0.054,1.23,0.053,0.931,1.595,0.043,3.53863105263158
432,2003-10-31,OLEO_DIESEL,31463,R$/l,1.395,0.076,1.178,1.9,0.169,0.055,1.227,0.054,0.98,1.547,0.044,3.49459736842105
433,2003-11-30,OLEO_DIESEL,30109,R$/l,1.391,0.077,1.09,1.93,0.166,0.055,1.226,0.053,0.98,1.686,0.043,3.47530368421053
434,2003-12-31,OLEO_DIESEL,37474,R$/l,1.39,0.076,1.19,1.9,0.166,0.055,1.224,0.051,0.973,1.49,0.042,3.46085614035088
435,2004-01-31,OLEO_DIESEL,29928,R$/l,1.393,0.075,1.21,1.9,0.164,0.054,1.229,0.052,1,1.495,0.042,3.45341807017544
436,2004-02-29,OLEO_DIESEL,29915,R$/l,1.392,0.075,1.21,1.9,0.163,0.054,1.23,0.053,1.001,1.495,0.043,3.42944842105263
437,2004-03-31,OLEO_DIESEL,37335,R$/l,1.39,0.075,1.199,1.9,0.161,0.054,1.228,0.053,1.001,1.496,0.043,3.4076947368421
438,2004-04-30,OLEO_DIESEL,29930,R$/l,1.387,0.074,1.134,1.9,0.159,0.053,1.228,0.053,1.001,1.501,0.043,3.37284333333333
439,2004-05-31,OLEO_DIESEL,36726,R$/l,1.44,0.08,1.18,1.9,0.177,0.056,1.263,0.054,1.003,1.549,0.043,3.47115789473684
440,2004-06-30,OLEO_DIESEL,47940,R$/l,1.494,0.097,1.15,1.99,0.195,0.065,1.299,0.072,0.731,1.59,0.055,3.56699052631579
441,2004-07-31,OLEO_DIESEL,42470,R$/l,1.547,0.083,1.288,2.05,0.189,0.054,1.358,0.06,1.131,1.65,0.044,3.65607666666667
442,2004-08-31,OLEO_DIESEL,51366,R$/l,1.548,0.081,1.29,2.05,0.187,0.052,1.361,0.055,1.073,1.651,0.04,3.62286315789474
443,2004-09-30,OLEO_DIESEL,43842,R$/l,1.548,0.081,1.29,2.05,0.185,0.052,1.363,0.055,1.129,1.657,0.04,3.58973052631579
444,2004-10-31,OLEO_DIESEL,42214,R$/l,1.58,0.089,1.29,2.15,0.199,0.056,1.381,0.062,1.2,1.703,0.045,3.64481052631579
445,2004-11-30,OLEO_DIESEL,50184,R$/l,1.591,0.095,1.339,2.15,0.186,0.06,1.405,0.065,1.222,1.836,0.046,3.6593
446,2004-12-31,OLEO_DIESEL,44164,R$/l,1.692,0.088,1.429,2.15,0.199,0.052,1.493,0.07,1.222,1.876,0.047,3.86725894736842
447,2005-01-31,OLEO_DIESEL,49264,R$/l,1.69,0.086,1.46,2.37,0.189,0.051,1.501,0.059,1.22,1.857,0.039,3.84074736842105
448,2005-02-28,OLEO_DIESEL,39403,R$/l,1.687,0.087,1.399,2.37,0.187,0.052,1.5,0.06,1.187,1.827,0.04,3.82238684210526
449,2005-03-31,OLEO_DIESEL,47745,R$/l,1.684,0.087,1.129,2.37,0.187,0.052,1.497,0.06,1.222,1.886,0.04,3.80672631578947
450,2005-04-30,OLEO_DIESEL,41885,R$/l,1.683,0.085,1.46,2.35,0.183,0.051,1.5,0.058,1.222,1.886,0.039,3.77936842105263
451,2005-05-31,OLEO_DIESEL,49831,R$/l,1.697,0.086,1.46,2.35,0.179,0.051,1.518,0.059,1.187,1.925,0.039,3.78520315789474
452,2005-06-30,OLEO_DIESEL,44191,R$/l,1.695,0.087,1.45,2.35,0.175,0.051,1.52,0.059,1.222,1.925,0.039,3.78728421052632
453,2005-07-31,OLEO_DIESEL,41705,R$/l,1.694,0.087,1.46,2.35,0.174,0.051,1.52,0.059,1.22,1.941,0.039,3.79812631578947
454,2005-08-31,OLEO_DIESEL,26947,R$/l,1.694,0.086,1.3,2.35,0.174,0.051,1.52,0.06,1.357,1.99,0.039,3.80823087719298
455,2005-09-30,OLEO_DIESEL,26797,R$/l,1.83,0.12,1.44,2.5,0.22,0.066,1.61,0.104,1.01,2.19,0.065,4.13483684210526
456,2005-10-31,OLEO_DIESEL,36406,R$/l,1.885,0.087,1.34,2.79,0.195,0.046,1.69,0.067,1.072,2.18,0.04,4.2766350877193
457,2005-11-30,OLEO_DIESEL,47139,R$/l,1.888,0.091,1.599,2.63,0.192,0.048,1.696,0.064,1.269,2.181,0.038,4.26356771929825
458,2005-12-31,OLEO_DIESEL,42071,R$/l,1.888,0.093,1.65,2.6,0.193,0.049,1.695,0.063,1.353,2.181,0.037,4.25031859649123
459,2006-01-31,OLEO_DIESEL,48593,R$/l,1.889,0.093,1.63,2.65,0.194,0.049,1.695,0.063,1.328,2.162,0.037,4.25290122807018
460,2006-02-28,OLEO_DIESEL,35831,R$/l,1.889,0.095,1.61,2.65,0.192,0.05,1.697,0.063,1.496,2.2,0.037,4.22241210526316
461,2006-03-31,OLEO_DIESEL,47633,R$/l,1.889,0.097,1.64,2.698,0.193,0.051,1.696,0.064,1.425,2.168,0.038,4.22208070175439
462,2006-04-30,OLEO_DIESEL,39552,R$/l,1.889,0.097,1.64,2.59,0.193,0.051,1.696,0.066,1.34,2.161,0.039,4.22970298245614
463,2006-05-31,OLEO_DIESEL,47372,R$/l,1.886,0.098,1.589,2.68,0.191,0.052,1.695,0.066,1.165,2.163,0.039,4.23688245614035
464,2006-06-30,OLEO_DIESEL,41082,R$/l,1.883,0.097,1.66,2.58,0.19,0.052,1.693,0.065,1.51,2.166,0.038,4.21758964912281
465,2006-07-31,OLEO_DIESEL,41567,R$/l,1.883,0.099,1.659,2.58,0.19,0.053,1.693,0.065,1.425,2.16,0.038,4.19281333333333
466,2006-08-31,OLEO_DIESEL,46192,R$/l,1.882,0.097,1.679,2.58,0.188,0.052,1.694,0.065,1.425,2.169,0.038,4.18464350877193
467,2006-09-30,OLEO_DIESEL,35684,R$/l,1.88,0.098,1.63,2.58,0.182,0.052,1.698,0.066,1.425,2.169,0.039,4.16799298245614
468,2006-10-31,OLEO_DIESEL,34528,R$/l,1.879,0.099,1.66,2.58,0.182,0.053,1.697,0.066,1.427,2.169,0.039,4.15621614035088
469,2006-11-30,OLEO_DIESEL,33711,R$/l,1.879,0.097,1.649,2.58,0.183,0.052,1.696,0.065,1.425,2.169,0.038,4.14072263157895
470,2006-12-31,OLEO_DIESEL,30233,R$/l,1.878,0.098,1.66,2.58,0.182,0.052,1.696,0.067,1.425,2.169,0.04,4.11380842105263
471,2007-01-31,OLEO_DIESEL,40045,R$/l,1.878,0.098,1.65,2.7,0.181,0.052,1.697,0.066,1.425,2.17,0.039,4.10326526315789
472,2007-02-28,OLEO_DIESEL,33628,R$/l,1.877,0.097,1.65,2.58,0.18,0.052,1.697,0.066,1.415,2.215,0.039,4.08461543859649
473,2007-03-31,OLEO_DIESEL,33835,R$/l,1.878,0.098,1.63,2.58,0.182,0.052,1.696,0.066,1.222,2.172,0.039,4.07789578947368
474,2007-04-30,OLEO_DIESEL,34732,R$/l,1.879,0.097,1.62,2.58,0.184,0.052,1.695,0.066,1.415,2.172,0.039,4.06885912280702
475,2007-05-31,OLEO_DIESEL,40734,R$/l,1.877,0.095,1.649,2.58,0.182,0.051,1.695,0.064,1.415,2.157,0.038,4.06321105263158
476,2007-06-30,OLEO_DIESEL,30949,R$/l,1.875,0.095,1.649,2.58,0.18,0.051,1.695,0.064,1.425,2.158,0.038,4.05756578947368
477,2007-07-31,OLEO_DIESEL,35057,R$/l,1.873,0.093,1.659,2.58,0.178,0.05,1.695,0.063,1.425,2.158,0.037,4.04469421052632
478,2007-08-31,OLEO_DIESEL,28489,R$/l,1.875,0.094,1.64,2.58,0.18,0.05,1.695,0.062,1.425,2.221,0.037,4.03980263157895
479,2007-09-30,OLEO_DIESEL,21320,R$/l,1.873,0.095,1.656,2.58,0.178,0.051,1.695,0.06,1.425,2.158,0.035,4.00329105263158
480,2007-10-31,OLEO_DIESEL,27815,R$/l,1.872,0.093,1.629,2.5,0.176,0.05,1.696,0.058,1.425,2.039,0.034,3.95878736842105
481,2007-11-30,OLEO_DIESEL,22113,R$/l,1.876,0.096,1.67,2.58,0.176,0.051,1.7,0.061,1.425,2.16,0.036,3.93268842105263
482,2007-12-31,OLEO_DIESEL,24777,R$/l,1.88,0.099,1.658,2.58,0.176,0.053,1.704,0.063,1.425,2.165,0.037,3.91831578947368
483,2008-01-31,OLEO_DIESEL,33019,R$/l,1.891,0.093,1.667,2.58,0.174,0.049,1.717,0.06,1.425,2.181,0.035,3.88285333333333
484,2008-02-29,OLEO_DIESEL,29865,R$/l,1.894,0.094,1.69,2.58,0.173,0.05,1.721,0.062,1.58,2.184,0.036,3.8527947368421
485,2008-03-31,OLEO_DIESEL,29945,R$/l,1.895,0.095,1.677,2.58,0.174,0.05,1.721,0.062,1.58,2.206,0.036,3.83720877192982
486,2008-04-30,OLEO_DIESEL,37337,R$/l,1.896,0.095,1.69,2.58,0.174,0.05,1.722,0.063,1.559,2.208,0.037,3.81461894736842
487,2008-05-31,OLEO_DIESEL,29709,R$/l,2.059,0.101,1.74,2.75,0.221,0.049,1.838,0.09,1.593,2.373,0.049,4.11763877192982
488,2008-06-30,OLEO_DIESEL,29860,R$/l,2.068,0.095,1.729,2.75,0.196,0.046,1.872,0.066,1.59,2.294,0.035,4.0772252631579
489,2008-07-31,OLEO_DIESEL,37275,R$/l,2.107,0.094,1.849,2.75,0.199,0.045,1.908,0.067,1.64,2.331,0.035,4.08092631578947
490,2008-08-31,OLEO_DIESEL,29743,R$/l,2.12,0.092,1.85,2.758,0.194,0.043,1.926,0.063,1.71,2.352,0.033,4.04064561403509
491,2008-09-30,OLEO_DIESEL,29865,R$/l,2.122,0.092,1.85,2.79,0.196,0.043,1.926,0.064,1.603,2.332,0.033,4.05637052631579
492,2008-10-31,OLEO_DIESEL,37320,R$/l,2.123,0.093,1.839,2.79,0.196,0.044,1.927,0.064,1.715,2.37,0.033,4.0541850877193
493,2008-11-30,OLEO_DIESEL,29945,R$/l,2.125,0.093,1.869,2.79,0.197,0.044,1.928,0.064,1.715,2.333,0.033,4.02146929824561
494,2008-12-31,OLEO_DIESEL,37354,R$/l,2.126,0.095,1.789,2.79,0.2,0.045,1.926,0.064,1.761,2.5,0.033,4.00918842105263
495,2009-01-31,OLEO_DIESEL,29693,R$/l,2.125,0.095,1.89,2.79,0.197,0.045,1.928,0.065,1.77,2.5,0.034,4.01214912280702
496,2009-02-28,OLEO_DIESEL,29652,R$/l,2.126,0.095,1.899,2.98,0.2,0.045,1.926,0.066,1.78,2.403,0.034,4.03044842105263
497,2009-03-31,OLEO_DIESEL,34806,R$/l,2.125,0.095,1.899,2.79,0.202,0.045,1.923,0.067,1.77,2.361,0.035,4.01885964912281
498,2009-04-30,OLEO_DIESEL,32146,R$/l,2.123,0.094,1.849,2.79,0.203,0.044,1.92,0.067,1.77,2.364,0.035,4.04263894736842
499,2009-05-31,OLEO_DIESEL,29821,R$/l,2.122,0.095,1.9,2.79,0.204,0.045,1.918,0.069,1.75,2.373,0.036,4.04631894736842
500,2009-06-30,OLEO_DIESEL,34408,R$/l,2.078,0.115,1.78,2.79,0.229,0.055,1.849,0.106,1.6,2.373,0.057,3.9649698245614
501,2009-07-31,OLEO_DIESEL,32999,R$/l,2.016,0.107,1.769,2.75,0.243,0.053,1.773,0.081,1.6,2.34,0.046,3.85020631578947
502,2009-08-31,OLEO_DIESEL,15526,R$/l,2.009,0.108,1.499,2.75,0.239,0.054,1.77,0.079,0.956,2.318,0.045,3.85199315789474
503,2009-09-30,OLEO_DIESEL,14919,R$/l,1.998,0.111,1.199,2.75,0.234,0.056,1.764,0.084,0.876,2.263,0.048,3.84352105263158
504,2009-10-31,OLEO_DIESEL,22354,R$/l,2,0.112,1.49,2.89,0.238,0.056,1.762,0.08,1.09,2.265,0.045,3.83263157894737
505,2009-11-30,OLEO_DIESEL,26935,R$/l,2.002,0.112,1.229,2.89,0.24,0.056,1.762,0.079,1.05,2.298,0.045,3.83470807017544
506,2009-12-31,OLEO_DIESEL,30393,R$/l,1.999,0.108,1.03,2.75,0.238,0.054,1.761,0.075,1.175,2.268,0.043,3.82545473684211
507,2010-01-31,OLEO_DIESEL,26486,R$/l,2.005,0.105,1.699,2.75,0.234,0.052,1.771,0.072,1.231,2.19,0.041,3.84608245614035
508,2010-02-28,OLEO_DIESEL,27870,R$/l,2.008,0.108,1.5,2.75,0.234,0.054,1.774,0.071,1.331,2.234,0.04,3.82964350877193
509,2010-03-31,OLEO_DIESEL,36314,R$/l,2.007,0.109,1.449,2.75,0.233,0.054,1.774,0.07,1.208,2.218,0.039,3.78618789473684
510,2010-04-30,OLEO_DIESEL,29421,R$/l,2.005,0.109,1.69,2.82,0.232,0.054,1.773,0.07,1.355,2.179,0.039,3.74935
511,2010-05-31,OLEO_DIESEL,30691,R$/l,2.003,0.111,1.65,2.75,0.232,0.055,1.771,0.07,1.31,2.224,0.04,3.71855192982456
512,2010-06-30,OLEO_DIESEL,35460,R$/l,2.002,0.109,1.599,2.75,0.232,0.054,1.77,0.07,1.242,2.141,0.04,3.67489929824561
513,2010-07-31,OLEO_DIESEL,29483,R$/l,2.002,0.11,1.699,2.829,0.232,0.055,1.77,0.07,1.304,2.15,0.04,3.6450449122807
514,2010-08-31,OLEO_DIESEL,34884,R$/l,1.999,0.109,1.448,2.75,0.232,0.055,1.767,0.068,1.324,2.085,0.038,3.63432228070175
515,2010-09-30,OLEO_DIESEL,31537,R$/l,1.998,0.11,1.648,2.75,0.23,0.055,1.768,0.071,1.47,2.085,0.04,3.60551368421053
516,2010-10-31,OLEO_DIESEL,29592,R$/l,2,0.109,1.699,2.75,0.233,0.055,1.767,0.073,1.222,2.212,0.041,3.56877192982456
517,2010-11-30,OLEO_DIESEL,36262,R$/l,2,0.11,1.58,2.75,0.236,0.055,1.764,0.075,1.185,2.213,0.043,3.53333333333333
518,2010-12-31,OLEO_DIESEL,30196,R$/l,2,0.111,1.699,2.75,0.237,0.056,1.763,0.076,1.201,2.237,0.043,3.48245614035088
519,2011-01-31,OLEO_DIESEL,33045,R$/l,2.009,0.112,1.69,2.72,0.231,0.056,1.778,0.078,1.576,2.212,0.044,3.47380771929825
520,2011-02-28,OLEO_DIESEL,26021,R$/l,2.016,0.108,1.449,2.88,0.229,0.054,1.787,0.073,1.517,2.3,0.041,3.45797052631579
521,2011-03-31,OLEO_DIESEL,37149,R$/l,2.025,0.111,1.699,2.82,0.235,0.055,1.79,0.077,1.195,2.3,0.043,3.43788157894737
522,2011-04-30,OLEO_DIESEL,29725,R$/l,2.032,0.114,1.02,2.826,0.241,0.056,1.791,0.08,1.23,2.33,0.045,3.42766315789474
523,2011-05-31,OLEO_DIESEL,35021,R$/l,2.03,0.112,1.699,2.98,0.241,0.055,1.789,0.078,1.42,2.33,0.044,3.40826315789474
524,2011-06-30,OLEO_DIESEL,31996,R$/l,2.026,0.114,1.73,2.89,0.24,0.056,1.786,0.08,1.173,2.33,0.045,3.38626350877193
525,2011-07-31,OLEO_DIESEL,29864,R$/l,2.028,0.112,1.699,2.79,0.238,0.055,1.79,0.079,1.438,2.28,0.044,3.39601052631579
526,2011-08-31,OLEO_DIESEL,36762,R$/l,2.027,0.112,1.729,2.8,0.236,0.055,1.791,0.078,1.54,2.359,0.044,3.39860333333333
527,2011-09-30,OLEO_DIESEL,30239,R$/l,2.027,0.113,1.749,2.8,0.237,0.056,1.79,0.08,1.54,2.379,0.045,3.38295631578947
528,2011-10-31,OLEO_DIESEL,33252,R$/l,2.029,0.114,1.699,2.799,0.231,0.056,1.798,0.083,1.607,2.389,0.046,3.36315649122807
529,2011-11-30,OLEO_DIESEL,33404,R$/l,2.03,0.113,1.749,2.81,0.229,0.056,1.801,0.081,1.564,2.389,0.045,3.34593859649123
530,2011-12-31,OLEO_DIESEL,29780,R$/l,2.032,0.113,1.749,2.799,0.227,0.056,1.805,0.083,1.481,2.351,0.046,3.33141052631579
531,2012-01-31,OLEO_DIESEL,35300,R$/l,2.038,0.112,1.7,2.8,0.224,0.055,1.814,0.082,1.519,2.257,0.045,3.34553789473684
532,2012-02-29,OLEO_DIESEL,30884,R$/l,2.04,0.115,1.669,2.8,0.223,0.056,1.817,0.085,1.181,2.373,0.047,3.33987368421053
533,2012-03-31,OLEO_DIESEL,30022,R$/l,2.042,0.113,1.68,2.949,0.224,0.055,1.818,0.084,1.029,2.359,0.046,3.34529754385965
534,2012-04-30,OLEO_DIESEL,30078,R$/l,2.045,0.112,1.68,2.8,0.228,0.055,1.817,0.085,1.481,2.39,0.047,3.3347850877193
535,2012-05-31,OLEO_DIESEL,36387,R$/l,2.045,0.113,1.739,2.79,0.231,0.055,1.814,0.087,1.418,2.39,0.048,3.30428947368421
536,2012-06-30,OLEO_DIESEL,29404,R$/l,2.045,0.113,1.729,2.8,0.234,0.055,1.811,0.087,1.301,2.353,0.048,3.26769473684211
537,2012-07-31,OLEO_DIESEL,33338,R$/l,2.076,0.118,1.739,2.94,0.236,0.057,1.84,0.093,1.299,2.367,0.051,3.29319157894737
538,2012-08-31,OLEO_DIESEL,32239,R$/l,2.131,0.112,1.797,2.95,0.233,0.053,1.898,0.083,1.512,2.397,0.044,3.33034175438596
539,2012-09-30,OLEO_DIESEL,28844,R$/l,2.136,0.111,1.79,2.95,0.232,0.052,1.904,0.083,1.639,2.437,0.044,3.28456842105263
540,2012-10-31,OLEO_DIESEL,35122,R$/l,2.145,0.112,1.799,2.95,0.227,0.052,1.918,0.085,1.65,2.57,0.044,3.2619052631579
541,2012-11-30,OLEO_DIESEL,29152,R$/l,2.148,0.113,1.8,2.95,0.223,0.053,1.925,0.084,1.638,2.57,0.044,3.26571368421053
542,2012-12-31,OLEO_DIESEL,29334,R$/l,2.151,0.112,1.869,2.95,0.224,0.052,1.927,0.081,1.66,2.57,0.042,3.27140684210526
543,2013-01-31,OLEO_DIESEL,32749,R$/l,2.156,0.114,1.869,2.95,0.23,0.053,1.926,0.08,1.398,2.57,0.042,3.25329052631579
544,2013-02-28,OLEO_DIESEL,26615,R$/l,2.252,0.114,1.949,2.98,0.263,0.051,1.989,0.086,1.475,2.57,0.043,3.38471649122807
545,2013-03-31,OLEO_DIESEL,26438,R$/l,2.301,0.118,1.949,2.99,0.264,0.051,2.037,0.087,1.68,2.602,0.043,3.44665578947368
546,2013-04-30,OLEO_DIESEL,29656,R$/l,2.332,0.114,1.899,3.02,0.272,0.049,2.06,0.084,1.638,2.69,0.041,3.48449894736842
547,2013-05-31,OLEO_DIESEL,28753,R$/l,2.333,0.114,1.969,3.06,0.274,0.049,2.059,0.082,1.65,2.607,0.04,3.47985368421053
548,2013-06-30,OLEO_DIESEL,25620,R$/l,2.333,0.115,1.949,3.06,0.277,0.049,2.056,0.081,1.75,2.607,0.039,3.47985368421053
549,2013-07-31,OLEO_DIESEL,31274,R$/l,2.333,0.115,1.969,3.06,0.278,0.049,2.055,0.082,1.7,2.65,0.04,3.44915631578947
550,2013-08-31,OLEO_DIESEL,26091,R$/l,2.331,0.115,1.989,3.06,0.281,0.049,2.05,0.083,1.752,2.656,0.04,3.43556684210526
551,2013-09-30,OLEO_DIESEL,27230,R$/l,2.331,0.116,1.989,3.06,0.28,0.05,2.051,0.083,1.72,2.656,0.04,3.42943263157895
552,2013-10-31,OLEO_DIESEL,29298,R$/l,2.332,0.117,1.949,3.06,0.283,0.05,2.049,0.084,1.48,2.656,0.041,3.36953543859649
553,2013-11-30,OLEO_DIESEL,24764,R$/l,2.332,0.117,1.989,3.06,0.282,0.05,2.05,0.083,1.72,2.656,0.04,3.33435087719298
554,2013-12-31,OLEO_DIESEL,28394,R$/l,2.466,0.126,2.036,3.27,0.322,0.051,2.144,0.1,1.72,2.779,0.047,3.51340105263158
555,2014-01-31,OLEO_DIESEL,26880,R$/l,2.485,0.126,2.099,3.31,0.295,0.051,2.19,0.09,1.881,2.85,0.041,3.51431315789474
556,2014-02-28,OLEO_DIESEL,24397,R$/l,2.491,0.126,2.149,3.31,0.294,0.051,2.197,0.089,1.904,2.962,0.041,3.50182157894737
557,2014-03-31,OLEO_DIESEL,25621,R$/l,2.497,0.126,2.145,3.31,0.298,0.05,2.199,0.091,1.95,2.881,0.041,3.49360964912281
558,2014-04-30,OLEO_DIESEL,28234,R$/l,2.502,0.129,2.12,3.31,0.303,0.052,2.199,0.094,1.806,2.881,0.043,3.42730105263158
559,2014-05-31,OLEO_DIESEL,23865,R$/l,2.5,0.129,2.15,3.31,0.301,0.052,2.199,0.095,1.896,2.881,0.043,3.39035087719298
560,2014-06-30,OLEO_DIESEL,25010,R$/l,2.5,0.128,2.149,3.31,0.304,0.051,2.196,0.094,1.88,2.881,0.043,3.39605263157895
561,2014-07-31,OLEO_DIESEL,27942,R$/l,2.499,0.13,2.15,3.31,0.303,0.052,2.196,0.094,1.88,2.769,0.043,3.42713736842105
562,2014-08-31,OLEO_DIESEL,23265,R$/l,2.501,0.13,2.15,3.31,0.296,0.052,2.205,0.095,1.991,2.769,0.043,3.45664526315789
563,2014-09-30,OLEO_DIESEL,26629,R$/l,2.501,0.13,2.19,3.31,0.295,0.052,2.206,0.097,1.91,2.891,0.044,3.46849210526316
564,2014-10-31,OLEO_DIESEL,25424,R$/l,2.5,0.131,2.19,3.31,0.293,0.052,2.207,0.1,1.939,2.891,0.045,3.45833333333333
565,2014-11-30,OLEO_DIESEL,22960,R$/l,2.564,0.142,2.199,3.44,0.312,0.055,2.252,0.11,1.982,2.976,0.049,3.53427157894737
566,2014-12-31,OLEO_DIESEL,28340,R$/l,2.606,0.135,2.199,3.46,0.302,0.052,2.304,0.103,2.016,2.913,0.045,3.54736035087719
567,2015-01-31,OLEO_DIESEL,22914,R$/l,2.611,0.137,2.13,3.46,0.294,0.052,2.317,0.103,1.941,3.034,0.044,3.52576614035088
568,2015-02-28,OLEO_DIESEL,22554,R$/l,2.788,0.154,2.199,3.74,0.374,0.055,2.414,0.125,2.04,3.092,0.052,3.7276049122807
569,2015-03-31,OLEO_DIESEL,25823,R$/l,2.81,0.147,2.299,3.7,0.334,0.052,2.476,0.112,2.041,3.213,0.045,3.74370877192982
570,2015-04-30,OLEO_DIESEL,24373,R$/l,2.809,0.147,2.349,3.7,0.332,0.052,2.477,0.109,2.127,3.056,0.044,3.69408140350877
571,2015-05-31,OLEO_DIESEL,22157,R$/l,2.808,0.147,2.419,3.7,0.326,0.052,2.482,0.11,2.111,3.066,0.044,3.63512842105263
572,2015-06-30,OLEO_DIESEL,25964,R$/l,2.807,0.147,2.45,3.7,0.322,0.052,2.485,0.114,2.113,3.126,0.046,3.61364315789474
573,2015-07-31,OLEO_DIESEL,23492,R$/l,2.805,0.145,2.44,3.7,0.308,0.052,2.497,0.108,2.104,3.126,0.043,3.57809736842105
574,2015-08-31,OLEO_DIESEL,13157,R$/l,2.805,0.146,2.45,3.7,0.294,0.052,2.511,0.112,2.136,3.131,0.045,3.54414210526316
575,2015-09-30,OLEO_DIESEL,7915,R$/l,2.809,0.153,2.48,3.64,0.279,0.054,2.53,0.116,2.104,3.11,0.046,3.53539754385965
576,2015-10-31,OLEO_DIESEL,8633,R$/l,2.925,0.162,2.51,3.99,0.322,0.055,2.603,0.123,2.29,3.18,0.047,3.63264473684211
577,2015-11-30,OLEO_DIESEL,11193,R$/l,2.965,0.161,2.499,3.98,0.317,0.054,2.648,0.124,2.16,3.258,0.047,3.58400877192982
578,2015-12-31,OLEO_DIESEL,15743,R$/l,2.985,0.157,2.489,3.95,0.323,0.053,2.662,0.115,2.29,3.26,0.043,3.52858421052632
579,2016-01-31,OLEO_DIESEL,14961,R$/l,3.003,0.16,2.46,3.95,0.32,0.053,2.683,0.117,2.179,3.26,0.044,3.52404684210526
580,2016-02-29,OLEO_DIESEL,16325,R$/l,3.017,0.165,2.499,3.9,0.322,0.055,2.695,0.124,2.32,3.326,0.046,3.48013596491228
581,2016-03-31,OLEO_DIESEL,17219,R$/l,3.02,0.166,2.499,3.98,0.326,0.055,2.694,0.132,2.062,3.35,0.049,3.41524912280702
582,2016-04-30,OLEO_DIESEL,14870,R$/l,3.021,0.171,2.64,3.98,0.324,0.057,2.697,0.13,2.32,3.373,0.048,3.38935
583,2016-05-31,OLEO_DIESEL,17335,R$/l,3.017,0.17,2.46,3.98,0.325,0.056,2.692,0.13,2.059,3.369,0.048,3.36739543859649
584,2016-06-30,OLEO_DIESEL,15839,R$/l,3.015,0.172,2.539,3.98,0.327,0.057,2.688,0.131,2.093,3.353,0.049,3.32178947368421
585,2016-07-31,OLEO_DIESEL,14537,R$/l,3.015,0.172,2.539,3.98,0.334,0.057,2.681,0.134,2.32,3.339,0.05,3.23239736842105
586,2016-08-31,OLEO_DIESEL,17699,R$/l,3.01,0.171,2.53,3.98,0.336,0.057,2.674,0.135,2.296,3.339,0.05,3.21753157894737
587,2016-09-30,OLEO_DIESEL,14777,R$/l,3.009,0.174,2.53,3.98,0.335,0.058,2.674,0.137,2.36,3.342,0.051,3.20854421052632
588,2016-10-31,OLEO_DIESEL,15364,R$/l,3.009,0.171,2.53,3.98,0.346,0.057,2.663,0.142,2.37,3.372,0.053,3.19798631578947
589,2016-11-30,OLEO_DIESEL,16532,R$/l,2.993,0.178,2.459,3.98,0.374,0.059,2.619,0.154,2.19,3.346,0.059,3.17258
590,2016-12-31,OLEO_DIESEL,14528,R$/l,3.024,0.192,2.459,4.07,0.406,0.063,2.618,0.163,2.18,3.389,0.062,3.20703157894737
591,2017-01-31,OLEO_DIESEL,16537,R$/l,3.092,0.192,2.459,4.22,0.376,0.062,2.716,0.152,2.19,3.442,0.056,3.24985473684211
592,2017-02-28,OLEO_DIESEL,12558,R$/l,3.098,0.192,2.55,4.22,0.395,0.062,2.703,0.149,2.19,3.442,0.055,3.22137649122807
593,2017-03-31,OLEO_DIESEL,16837,R$/l,3.05,0.202,2.459,4.22,0.428,0.066,2.622,0.155,2.233,3.281,0.059,3.16718421052632
594,2017-04-30,OLEO_DIESEL,14006,R$/l,3.015,0.201,2.48,4.22,0.437,0.067,2.578,0.144,2.211,3.221,0.056,3.13031052631579
595,2017-05-31,OLEO_DIESEL,16949,R$/l,3.017,0.197,2.48,4.22,0.406,0.065,2.611,0.136,2.22,3.23,0.052,3.1906098245614
596,2017-06-30,OLEO_DIESEL,14266,R$/l,2.985,0.204,2.459,4.22,0.432,0.068,2.553,0.149,2.11,3.21,0.058,3.20547105263158
597,2017-07-31,OLEO_DIESEL,14223,R$/l,2.971,0.219,2.39,4.27,0.474,0.074,2.497,0.166,2.04,3.195,0.066,3.22535929824561
598,2017-08-31,OLEO_DIESEL,8423,R$/l,3.102,0.213,2.45,4.37,0.404,0.069,2.698,0.173,2.09,3.44,0.064,3.40675789473684
599,2017-09-30,OLEO_DIESEL,7041,R$/l,3.173,0.205,2.64,4.47,0.384,0.065,2.789,0.162,2.208,3.52,0.058,3.47916666666667
600,2017-10-31,OLEO_DIESEL,8586,R$/l,3.223,0.195,2.699,4.47,0.356,0.061,2.867,0.135,2.34,3.56,0.047,3.50741561403509
601,2017-11-30,OLEO_DIESEL,7139,R$/l,3.29,0.209,2.789,4.47,0.363,0.064,2.927,0.146,2.41,3.702,0.05,3.56878421052632
602,2017-12-31,OLEO_DIESEL,6905,R$/l,3.323,0.205,2.89,4.47,0.378,0.062,2.945,0.147,2.133,3.726,0.05,3.57426543859649
603,2018-01-31,OLEO_DIESEL,15772,R$/l,3.375,0.202,2.799,4.49,0.363,0.06,3.012,0.153,2.49,3.812,0.051,3.5775
604,2018-02-28,OLEO_DIESEL,13194,R$/l,3.388,0.207,2.799,4.479,0.397,0.061,2.991,0.161,2.49,3.733,0.054,3.54610666666667
605,2018-03-31,OLEO_DIESEL,13454,R$/l,3.383,0.209,2.89,4.479,0.409,0.062,2.974,0.16,2.49,3.686,0.054,3.53671877192982
606,2018-04-30,OLEO_DIESEL,14351,R$/l,3.432,0.213,2.89,4.7,0.353,0.062,3.079,0.166,2.49,3.872,0.054,3.54941052631579
607,2001-07-31,GNV,474,R$/m3,0.73,0.03,0.509,0.799,0.249,0.042,0.481,0.088,0.252,0.661,0.183,2.28374736842105
608,2001-08-31,GNV,511,R$/m3,0.741,0.02,0.699,0.799,0.254,0.027,0.487,0.105,0.262,0.694,0.215,2.29892
609,2001-09-30,GNV,499,R$/m3,0.741,0.02,0.699,0.799,0.25,0.027,0.49,0.101,0.257,0.651,0.206,2.28098
610,2001-10-31,GNV,639,R$/m3,0.765,0.025,0.699,0.899,0.281,0.033,0.485,0.111,0.228,0.655,0.23,2.35069736842105
611,2001-11-30,GNV,534,R$/m3,0.78,0.021,0.699,0.899,0.277,0.027,0.503,0.116,0.228,0.706,0.231,2.38064210526316
612,2001-12-31,GNV,644,R$/m3,0.781,0.022,0.699,0.899,0.276,0.029,0.505,0.113,0.257,0.706,0.225,2.36862228070175
613,2002-01-31,GNV,714,R$/m3,0.782,0.026,0.699,0.899,0.277,0.033,0.505,0.116,0.248,0.755,0.23,2.36863684210526
614,2002-02-28,GNV,709,R$/m3,0.781,0.027,0.699,0.899,0.292,0.035,0.489,0.12,0.243,0.729,0.246,2.36067526315789
615,2002-03-31,GNV,788,R$/m3,0.781,0.033,0.67,0.949,0.297,0.042,0.484,0.127,0.268,0.779,0.262,2.35985315789474
616,2002-04-30,GNV,1053,R$/m3,0.788,0.039,0.65,0.949,0.315,0.05,0.473,0.132,0.259,0.779,0.279,2.37976
617,2002-05-31,GNV,1171,R$/m3,0.795,0.048,0.65,0.949,0.31,0.06,0.485,0.137,0.268,0.779,0.282,2.39308947368421
618,2002-06-30,GNV,941,R$/m3,0.794,0.047,0.65,0.949,0.311,0.059,0.484,0.137,0.244,0.78,0.284,2.37851754385965
619,2002-07-31,GNV,1384,R$/m3,0.82,0.065,0.669,0.989,0.328,0.079,0.492,0.142,0.245,0.86,0.288,2.43424912280702
620,2002-08-31,GNV,1263,R$/m3,0.825,0.07,0.599,0.989,0.323,0.085,0.502,0.149,0.27,0.799,0.298,2.42086842105263
621,2002-09-30,GNV,1056,R$/m3,0.826,0.071,0.49,0.989,0.321,0.086,0.505,0.148,0.27,0.799,0.294,2.39018315789474
622,2002-10-31,GNV,1160,R$/m3,0.833,0.063,0.679,0.998,0.308,0.076,0.525,0.143,0.27,0.8,0.271,2.37536526315789
623,2002-11-30,GNV,1019,R$/m3,0.898,0.081,0.679,1.068,0.362,0.09,0.537,0.143,0.27,0.818,0.267,2.49974842105263
624,2002-12-31,GNV,1269,R$/m3,0.937,0.053,0.769,1.06,0.343,0.057,0.594,0.158,0.27,0.853,0.266,2.52299578947368
625,2003-01-31,GNV,1085,R$/m3,1.029,0.094,0.799,1.199,0.395,0.092,0.635,0.164,0.313,0.97,0.259,2.70302052631579
626,2003-02-28,GNV,1082,R$/m3,1.071,0.066,0.849,1.399,0.375,0.061,0.696,0.181,0.33,0.999,0.26,2.76956842105263
627,2003-03-31,GNV,1143,R$/m3,1.07,0.07,0.876,1.399,0.363,0.065,0.707,0.168,0.33,1.089,0.238,2.72418245614035
628,2003-04-30,GNV,1366,R$/m3,1.068,0.073,0.876,1.448,0.345,0.069,0.723,0.16,0.378,1.13,0.222,2.69042315789474
629,2003-05-31,GNV,1176,R$/m3,1.066,0.075,0.899,1.399,0.348,0.071,0.717,0.159,0.38,1.13,0.222,2.66817929824561
630,2003-06-30,GNV,1344,R$/m3,1.063,0.077,0.899,1.399,0.355,0.072,0.707,0.16,0.38,1.09,0.227,2.66551912280702
631,2003-07-31,GNV,1520,R$/m3,1.061,0.079,0.87,1.399,0.353,0.074,0.708,0.16,0.405,1.09,0.226,2.67911807017544
632,2003-08-31,GNV,1294,R$/m3,1.058,0.082,0.799,1.399,0.356,0.077,0.702,0.159,0.388,1.09,0.227,2.67933859649123
633,2003-09-30,GNV,1663,R$/m3,1.06,0.082,0.859,1.399,0.348,0.077,0.712,0.157,0.405,1.09,0.22,2.67733684210526
634,2003-10-31,GNV,1549,R$/m3,1.062,0.083,0.83,1.399,0.342,0.078,0.72,0.153,0.405,1.09,0.213,2.66040315789474
635,2003-11-30,GNV,1479,R$/m3,1.064,0.077,0.799,1.399,0.354,0.073,0.71,0.156,0.405,1.09,0.22,2.65832
636,2003-12-31,GNV,1892,R$/m3,1.065,0.077,0.799,1.349,0.355,0.072,0.71,0.154,0.388,1.214,0.217,2.65166315789474
637,2004-01-31,GNV,1531,R$/m3,1.074,0.078,0.799,1.319,0.365,0.073,0.71,0.153,0.38,1.085,0.216,2.66257789473684
638,2004-02-29,GNV,1551,R$/m3,1.075,0.081,0.85,1.319,0.369,0.076,0.706,0.155,0.38,1.065,0.219,2.64846052631579
639,2004-03-31,GNV,1974,R$/m3,1.076,0.082,0.85,1.319,0.364,0.076,0.712,0.156,0.38,1.03,0.22,2.63789894736842
640,2004-04-30,GNV,1634,R$/m3,1.073,0.082,0.799,1.288,0.361,0.076,0.712,0.155,0.404,1.033,0.218,2.60927245614035
641,2004-05-31,GNV,1800,R$/m3,1.13,0.083,0.84,1.288,0.311,0.073,0.819,0.157,0.421,1.02,0.192,2.72389473684211
642,2004-06-30,GNV,2698,R$/m3,1.135,0.062,0.85,1.288,0.32,0.055,0.815,0.164,0.421,1.033,0.201,2.70986228070175
643,2004-07-31,GNV,2388,R$/m3,1.152,0.056,0.88,1.399,0.337,0.049,0.815,0.159,0.421,1.033,0.195,2.72256
644,2004-08-31,GNV,2904,R$/m3,1.15,0.059,0.88,1.399,0.332,0.051,0.818,0.154,0.41,1.041,0.188,2.69140350877193
645,2004-09-30,GNV,2714,R$/m3,1.151,0.062,0.92,1.399,0.338,0.054,0.813,0.151,0.421,1.041,0.186,2.66910842105263
646,2004-10-31,GNV,2597,R$/m3,1.151,0.067,0.899,1.399,0.337,0.058,0.814,0.151,0.44,1.041,0.186,2.65517526315789
647,2004-11-30,GNV,3175,R$/m3,1.091,0.063,0.899,1.399,0.391,0.058,0.7,0.15,0.44,1.279,0.214,2.5093
648,2004-12-31,GNV,2848,R$/m3,1.096,0.07,0.909,1.399,0.39,0.064,0.706,0.153,0.44,1.27,0.217,2.50503298245614
649,2005-01-31,GNV,3232,R$/m3,1.103,0.074,0.829,1.399,0.403,0.067,0.7,0.154,0.44,1.279,0.22,2.50671263157895
650,2005-02-28,GNV,2522,R$/m3,1.104,0.076,0.899,1.399,0.404,0.069,0.7,0.155,0.363,1,0.221,2.50143157894737
651,2005-03-31,GNV,3390,R$/m3,1.104,0.088,0.799,1.49,0.404,0.08,0.7,0.158,0.421,1.279,0.226,2.49562105263158
652,2005-04-30,GNV,2904,R$/m3,1.106,0.099,0.699,1.399,0.4,0.09,0.706,0.159,0.454,1.279,0.225,2.48364912280702
653,2005-05-31,GNV,3437,R$/m3,1.107,0.099,0.659,1.399,0.404,0.089,0.703,0.161,0.452,1.027,0.229,2.46919263157895
654,2005-06-30,GNV,3233,R$/m3,1.139,0.094,0.869,1.55,0.409,0.083,0.73,0.164,0.456,1.04,0.225,2.54496561403509
655,2005-07-31,GNV,3031,R$/m3,1.142,0.097,0.899,1.599,0.4,0.085,0.742,0.166,0.418,1.04,0.224,2.56048421052632
656,2005-08-31,GNV,1808,R$/m3,1.136,0.118,0.779,1.699,0.391,0.104,0.745,0.162,0.456,1.077,0.217,2.55380771929825
657,2005-09-30,GNV,1385,R$/m3,1.193,0.116,0.94,1.899,0.435,0.097,0.758,0.176,0.418,1.547,0.232,2.69555210526316
658,2005-10-31,GNV,2223,R$/m3,1.189,0.103,0.949,1.45,0.429,0.087,0.76,0.18,0.456,1.25,0.237,2.6975698245614
659,2005-11-30,GNV,2821,R$/m3,1.204,0.122,0.949,1.49,0.431,0.101,0.773,0.18,0.474,1.25,0.233,2.71892771929825
660,2005-12-31,GNV,2325,R$/m3,1.208,0.136,0.949,1.77,0.423,0.113,0.785,0.182,0.474,1.25,0.232,2.71948350877193
661,2006-01-31,GNV,2701,R$/m3,1.202,0.142,0.94,1.59,0.427,0.118,0.775,0.177,0.474,1.151,0.228,2.70618701754386
662,2006-02-28,GNV,2097,R$/m3,1.225,0.138,0.949,1.68,0.45,0.113,0.775,0.181,0.494,1.18,0.234,2.73819736842105
663,2006-03-31,GNV,2832,R$/m3,1.24,0.141,0.929,1.68,0.429,0.114,0.811,0.191,0.474,1.25,0.236,2.77150877192982
664,2006-04-30,GNV,2193,R$/m3,1.25,0.134,0.899,1.79,0.427,0.107,0.823,0.191,0.473,1.25,0.232,2.79890350877193
665,2006-05-31,GNV,2746,R$/m3,1.251,0.143,0.799,1.79,0.436,0.114,0.815,0.199,0.474,1.443,0.244,2.81036052631579
666,2006-06-30,GNV,2411,R$/m3,1.251,0.155,0.799,1.79,0.427,0.124,0.824,0.2,0.494,1.4,0.243,2.80202052631579
667,2006-07-31,GNV,2554,R$/m3,1.238,0.178,0.799,1.84,0.415,0.144,0.823,0.207,0.486,1.47,0.252,2.75661333333333
668,2006-08-31,GNV,2935,R$/m3,1.267,0.159,0.85,1.84,0.442,0.125,0.825,0.215,0.474,1.47,0.261,2.81718561403509
669,2006-09-30,GNV,2555,R$/m3,1.27,0.154,1.039,1.84,0.434,0.121,0.836,0.218,0.474,1.52,0.261,2.81561228070175
670,2006-10-31,GNV,2427,R$/m3,1.272,0.153,0.999,1.84,0.43,0.12,0.842,0.213,0.473,1.52,0.253,2.81357473684211
671,2006-11-30,GNV,2411,R$/m3,1.266,0.158,0.95,1.87,0.432,0.125,0.834,0.212,0.475,1.52,0.254,2.78986421052632
672,2006-12-31,GNV,2196,R$/m3,1.269,0.155,0.95,1.84,0.437,0.122,0.832,0.217,0.473,1.52,0.261,2.77977789473684
673,2007-01-31,GNV,3032,R$/m3,1.271,0.153,0.999,1.87,0.435,0.12,0.836,0.215,0.507,1.54,0.257,2.77702350877193
674,2007-02-28,GNV,2797,R$/m3,1.271,0.156,0.79,1.87,0.443,0.123,0.828,0.222,0.482,1.54,0.268,2.76587438596491
675,2007-03-31,GNV,2898,R$/m3,1.269,0.161,0.799,1.89,0.431,0.127,0.838,0.22,0.495,1.676,0.263,2.75551105263158
676,2007-04-30,GNV,2969,R$/m3,1.268,0.158,0.79,1.87,0.435,0.125,0.833,0.218,0.504,1.618,0.262,2.74577614035088
677,2007-05-31,GNV,3906,R$/m3,1.338,0.163,0.989,1.9,0.491,0.122,0.847,0.229,0.511,1.618,0.27,2.89641789473684
678,2007-06-30,GNV,3158,R$/m3,1.349,0.163,1.05,1.9,0.476,0.121,0.873,0.223,0.511,1.62,0.255,2.91928333333333
679,2007-07-31,GNV,3854,R$/m3,1.348,0.172,0.98,1.9,0.468,0.128,0.88,0.22,0.533,1.67,0.25,2.91097052631579
680,2007-08-31,GNV,2433,R$/m3,1.354,0.174,0.95,1.9,0.451,0.129,0.903,0.22,0.586,1.66,0.244,2.91727614035088
681,2007-09-30,GNV,1842,R$/m3,1.354,0.171,0.959,1.9,0.446,0.126,0.908,0.222,0.586,1.698,0.244,2.89399684210526
682,2007-10-31,GNV,2399,R$/m3,1.371,0.174,0.999,1.9,0.435,0.127,0.936,0.222,0.603,1.698,0.237,2.89930421052632
683,2007-11-30,GNV,1892,R$/m3,1.373,0.176,0.999,1.9,0.435,0.128,0.938,0.213,0.62,1.67,0.227,2.87824157894737
684,2007-12-31,GNV,2129,R$/m3,1.378,0.173,0.949,1.9,0.441,0.126,0.937,0.206,0.632,1.672,0.22,2.87204210526316
685,2008-01-31,GNV,2130,R$/m3,1.436,0.18,0.949,1.99,0.48,0.125,0.956,0.223,0.634,1.767,0.233,2.94858666666667
686,2008-02-29,GNV,1916,R$/m3,1.453,0.188,0.999,1.99,0.469,0.129,0.984,0.213,0.641,1.767,0.216,2.95570789473684
687,2008-03-31,GNV,1896,R$/m3,1.453,0.19,0.999,1.96,0.443,0.131,1.01,0.196,0.655,1.767,0.194,2.94219754385965
688,2008-04-30,GNV,2468,R$/m3,1.452,0.196,0.999,2.049,0.448,0.135,1.004,0.199,0.562,1.859,0.198,2.92132210526316
689,2008-05-31,GNV,1896,R$/m3,1.468,0.182,1.049,2.049,0.443,0.124,1.025,0.194,0.562,1.859,0.189,2.93574245614035
690,2008-06-30,GNV,1951,R$/m3,1.556,0.138,1.059,2.15,0.514,0.089,1.042,0.201,0.655,1.859,0.193,3.06777684210526
691,2008-07-31,GNV,2450,R$/m3,1.599,0.126,1.219,2.15,0.467,0.079,1.132,0.202,0.674,1.859,0.178,3.09701052631579
692,2008-08-31,GNV,1942,R$/m3,1.637,0.127,1.295,2.249,0.476,0.078,1.161,0.195,0.732,1.859,0.168,3.12006456140351
693,2008-09-30,GNV,2000,R$/m3,1.651,0.132,1.359,2.249,0.471,0.08,1.18,0.184,0.732,1.859,0.156,3.15601684210526
694,2008-10-31,GNV,2582,R$/m3,1.657,0.137,1.29,2.249,0.452,0.083,1.205,0.177,0.748,1.899,0.147,3.16428859649123
695,2008-11-30,GNV,2064,R$/m3,1.67,0.153,1.259,2.3,0.457,0.092,1.213,0.183,0.817,2,0.151,3.16040175438596
696,2008-12-31,GNV,2597,R$/m3,1.715,0.145,1.349,2.55,0.466,0.085,1.249,0.178,0.817,2.326,0.143,3.23412894736842
697,2009-01-31,GNV,2060,R$/m3,1.767,0.121,1.359,2.55,0.504,0.068,1.263,0.187,0.817,2.326,0.148,3.33622
698,2009-02-28,GNV,2096,R$/m3,1.73,0.14,1.35,2.55,0.423,0.081,1.307,0.182,0.817,2.367,0.139,3.27971578947368
699,2009-03-31,GNV,2470,R$/m3,1.715,0.149,1.339,2.59,0.43,0.087,1.285,0.195,0.817,2.4,0.152,3.24345614035088
700,2009-04-30,GNV,2300,R$/m3,1.69,0.154,1.249,2.59,0.418,0.091,1.272,0.198,0.817,2.4,0.156,3.21811578947368
701,2009-05-31,GNV,2253,R$/m3,1.661,0.149,1.269,2.55,0.409,0.09,1.252,0.192,0.915,2.4,0.153,3.16726473684211
702,2009-06-30,GNV,2545,R$/m3,1.608,0.152,1.18,2.398,0.404,0.095,1.204,0.186,0.817,2.218,0.154,3.06817684210526
703,2009-07-31,GNV,2491,R$/m3,1.578,0.139,1.259,2.39,0.414,0.088,1.164,0.182,0.817,2.213,0.156,3.01370315789474
704,2009-08-31,GNV,1177,R$/m3,1.57,0.143,1.259,2.39,0.398,0.091,1.172,0.174,0.793,1.779,0.148,3.01026842105263
705,2009-09-30,GNV,1878,R$/m3,1.548,0.172,1.129,2.76,0.398,0.111,1.15,0.193,0.457,2.213,0.168,2.97786315789474
706,2009-10-31,GNV,1913,R$/m3,1.567,0.165,1.179,2.63,0.427,0.105,1.14,0.213,0.705,2.213,0.187,3.00286684210526
707,2009-11-30,GNV,2237,R$/m3,1.577,0.173,1.189,2.579,0.435,0.11,1.142,0.216,0.699,2.213,0.189,3.02064666666667
708,2009-12-31,GNV,2419,R$/m3,1.587,0.173,1.259,2.39,0.426,0.109,1.161,0.226,0.746,2.213,0.195,3.03701684210526
709,2010-01-31,GNV,2125,R$/m3,1.579,0.175,1.198,2.39,0.423,0.111,1.156,0.22,0.746,2.142,0.19,3.0289098245614
710,2010-02-28,GNV,2214,R$/m3,1.584,0.176,1.17,2.39,0.43,0.111,1.154,0.222,0.768,2.142,0.192,3.02099368421053
711,2010-03-31,GNV,2817,R$/m3,1.595,0.175,1.197,2.4,0.432,0.11,1.163,0.211,0.633,2.16,0.181,3.00895350877193
712,2010-04-30,GNV,2256,R$/m3,1.582,0.181,1.119,2.39,0.422,0.114,1.16,0.223,0.768,2.16,0.192,2.95834
713,2010-05-31,GNV,2353,R$/m3,1.608,0.162,1.259,2.339,0.425,0.101,1.183,0.206,0.709,2.16,0.174,2.98523789473684
714,2010-06-30,GNV,2750,R$/m3,1.607,0.163,1.259,2.4,0.407,0.101,1.2,0.196,0.774,2.205,0.163,2.94983175438596
715,2010-07-31,GNV,2227,R$/m3,1.607,0.163,1.159,2.369,0.4,0.101,1.207,0.185,0.771,2.22,0.153,2.92586771929825
716,2010-08-31,GNV,2459,R$/m3,1.613,0.163,1.299,2.389,0.394,0.101,1.219,0.191,0.768,2.2,0.157,2.93254719298246
717,2010-09-30,GNV,2296,R$/m3,1.611,0.161,1.299,2.389,0.392,0.1,1.219,0.18,0.749,2.2,0.148,2.90714842105263
718,2010-10-31,GNV,2102,R$/m3,1.616,0.159,1.299,2.389,0.39,0.098,1.226,0.175,0.767,2.24,0.143,2.88356771929825
719,2010-11-30,GNV,2568,R$/m3,1.618,0.157,1.299,2.389,0.382,0.097,1.236,0.183,0.768,2.24,0.148,2.85846666666667
720,2010-12-31,GNV,2072,R$/m3,1.572,0.193,1.097,2.389,0.365,0.123,1.207,0.191,0.769,2.216,0.158,2.73721052631579
721,2011-01-31,GNV,2237,R$/m3,1.552,0.217,1.099,2.389,0.379,0.14,1.173,0.21,0.751,2.212,0.179,2.68359859649123
722,2011-02-28,GNV,1820,R$/m3,1.555,0.215,1.099,2.389,0.391,0.138,1.164,0.215,0.604,2.212,0.185,2.66723421052632
723,2011-03-31,GNV,2570,R$/m3,1.566,0.229,1.049,2.389,0.383,0.146,1.183,0.203,0.653,2.212,0.172,2.65862842105263
724,2011-04-30,GNV,1977,R$/m3,1.602,0.212,1.099,2.389,0.412,0.132,1.19,0.207,0.627,1.75,0.174,2.70232105263158
725,2011-05-31,GNV,2419,R$/m3,1.627,0.198,1.099,2.389,0.427,0.122,1.2,0.2,0.62,1.891,0.167,2.73164736842105
726,2011-06-30,GNV,2226,R$/m3,1.631,0.2,1.099,2.389,0.42,0.123,1.211,0.203,0.631,2.007,0.168,2.72605912280702
727,2011-07-31,GNV,2079,R$/m3,1.618,0.204,1.099,2.409,0.399,0.126,1.219,0.201,0.631,2.006,0.165,2.70944035087719
728,2011-08-31,GNV,2591,R$/m3,1.617,0.199,1.099,2.409,0.389,0.123,1.228,0.202,0.696,2.236,0.164,2.71117
729,2011-09-30,GNV,2192,R$/m3,1.611,0.202,1.099,2.409,0.4,0.125,1.211,0.195,0.709,2.006,0.161,2.68867421052632
730,2011-10-31,GNV,2321,R$/m3,1.614,0.203,1.099,2.449,0.405,0.126,1.209,0.207,0.631,2.247,0.171,2.67527578947368
731,2011-11-30,GNV,2335,R$/m3,1.61,0.203,1.099,2.31,0.395,0.126,1.215,0.202,0.631,2.08,0.166,2.65367543859649
732,2011-12-31,GNV,2022,R$/m3,1.623,0.194,1.099,2.499,0.411,0.12,1.212,0.194,0.631,1.98,0.16,2.66086578947368
733,2012-01-31,GNV,2398,R$/m3,1.632,0.181,1.189,2.549,0.403,0.111,1.229,0.182,0.663,1.76,0.148,2.67905684210526
734,2012-02-29,GNV,2091,R$/m3,1.635,0.185,1.009,2.549,0.418,0.113,1.217,0.204,0.696,2.252,0.168,2.67681052631579
735,2012-03-31,GNV,2020,R$/m3,1.634,0.185,1.199,2.369,0.406,0.113,1.228,0.167,0.696,1.708,0.136,2.67689333333333
736,2012-04-30,GNV,2094,R$/m3,1.694,0.191,1.189,2.369,0.417,0.113,1.277,0.18,0.697,1.773,0.141,2.76240877192982
737,2012-05-31,GNV,2559,R$/m3,1.711,0.197,1.19,2.369,0.423,0.115,1.288,0.185,0.697,1.822,0.144,2.76461578947368
738,2012-06-30,GNV,2128,R$/m3,1.726,0.189,1.19,2.579,0.432,0.11,1.294,0.174,0.791,1.822,0.134,2.75796631578947
739,2012-07-31,GNV,2460,R$/m3,1.734,0.187,1.29,2.579,0.43,0.108,1.304,0.173,0.768,1.911,0.133,2.75067157894737
740,2012-08-31,GNV,2204,R$/m3,1.739,0.188,1.279,2.49,0.427,0.108,1.312,0.157,0.87,1.83,0.12,2.71772140350877
741,2012-09-30,GNV,2049,R$/m3,1.74,0.184,1.349,2.399,0.392,0.106,1.348,0.16,0.786,1.878,0.119,2.67563157894737
742,2012-10-31,GNV,2538,R$/m3,1.741,0.183,1.349,2.399,0.4,0.105,1.341,0.167,0.83,1.866,0.125,2.64754175438597
743,2012-11-30,GNV,2078,R$/m3,1.742,0.184,1.319,2.399,0.401,0.106,1.341,0.16,0.878,1.918,0.119,2.64845122807018
744,2012-12-31,GNV,2081,R$/m3,1.757,0.171,1.359,2.599,0.407,0.097,1.35,0.158,0.886,1.97,0.117,2.67218122807018
745,2013-01-31,GNV,2401,R$/m3,1.764,0.171,1.379,2.599,0.407,0.097,1.357,0.154,0.835,1.913,0.113,2.66178315789474
746,2013-02-28,GNV,2035,R$/m3,1.77,0.165,1.399,2.599,0.432,0.093,1.338,0.149,0.837,1.896,0.111,2.66027894736842
747,2013-03-31,GNV,2043,R$/m3,1.776,0.165,1.399,2.599,0.424,0.093,1.352,0.152,0.952,2.222,0.112,2.66026105263158
748,2013-04-30,GNV,2435,R$/m3,1.784,0.167,1.399,2.599,0.411,0.094,1.373,0.165,0.952,2.222,0.12,2.66567157894737
749,2013-05-31,GNV,2215,R$/m3,1.777,0.159,1.379,2.599,0.415,0.089,1.362,0.157,0.952,1.872,0.115,2.65053578947368
750,2013-06-30,GNV,2071,R$/m3,1.786,0.164,1.35,2.799,0.423,0.092,1.363,0.162,0.952,2.221,0.119,2.66396
751,2013-07-31,GNV,2512,R$/m3,1.792,0.163,1.379,2.799,0.412,0.091,1.38,0.165,0.938,1.949,0.12,2.64933052631579
752,2013-08-31,GNV,2135,R$/m3,1.785,0.17,1.399,2.799,0.403,0.095,1.382,0.164,0.93,1.949,0.119,2.63083947368421
753,2013-09-30,GNV,2236,R$/m3,1.787,0.177,1.399,2.699,0.413,0.099,1.374,0.184,1,2.265,0.134,2.62908456140351
754,2013-10-31,GNV,2461,R$/m3,1.79,0.18,1.389,2.699,0.413,0.101,1.377,0.188,1.011,2.265,0.137,2.58639298245614
755,2013-11-30,GNV,2072,R$/m3,1.792,0.181,1.389,2.699,0.414,0.101,1.378,0.188,1.011,2.265,0.136,2.56224561403509
756,2013-12-31,GNV,2301,R$/m3,1.812,0.207,1.349,2.89,0.434,0.114,1.378,0.189,1.011,2.265,0.137,2.58162315789474
757,2014-01-31,GNV,2345,R$/m3,1.825,0.204,1.339,2.899,0.424,0.112,1.401,0.182,1.031,1.995,0.13,2.58093421052632
758,2014-02-28,GNV,2108,R$/m3,1.83,0.203,1.399,2.899,0.422,0.111,1.408,0.178,1.031,2.042,0.126,2.57259473684211
759,2014-03-31,GNV,2238,R$/m3,1.841,0.209,1.399,2.899,0.407,0.114,1.434,0.195,1.039,2.315,0.136,2.5757850877193
760,2014-04-30,GNV,2550,R$/m3,1.859,0.213,1.399,2.899,0.427,0.115,1.432,0.189,1.039,1.995,0.132,2.54650385964912
761,2014-05-31,GNV,2092,R$/m3,1.871,0.213,1.399,2.699,0.451,0.114,1.42,0.179,1.09,2.042,0.126,2.53733859649123
762,2014-06-30,GNV,2222,R$/m3,1.888,0.209,1.399,2.699,0.448,0.111,1.44,0.184,1.092,2.042,0.128,2.56469894736842
763,2014-07-31,GNV,2546,R$/m3,1.892,0.191,1.399,2.799,0.455,0.101,1.437,0.188,1.073,2.042,0.131,2.59469543859649
764,2014-08-31,GNV,2134,R$/m3,1.916,0.182,1.399,2.799,0.468,0.095,1.448,0.182,1.085,2.048,0.126,2.64811368421053
765,2014-09-30,GNV,2412,R$/m3,1.9,0.179,1.399,2.799,0.457,0.094,1.443,0.162,1.085,2.145,0.112,2.635
766,2014-10-31,GNV,2370,R$/m3,1.903,0.175,1.379,2.799,0.461,0.092,1.442,0.164,1.118,2.048,0.114,2.63248333333333
767,2014-11-30,GNV,2102,R$/m3,1.907,0.183,1.379,2.889,0.467,0.096,1.44,0.17,1.113,2.048,0.118,2.62864894736842
768,2014-12-31,GNV,2642,R$/m3,1.913,0.181,1.379,2.889,0.455,0.095,1.458,0.17,1.113,2.048,0.117,2.60402929824561
769,2015-01-31,GNV,2099,R$/m3,1.926,0.182,1.379,2.889,0.486,0.094,1.44,0.179,1.096,2.048,0.124,2.60077578947368
770,2015-02-28,GNV,2156,R$/m3,1.944,0.175,1.379,2.889,0.494,0.09,1.45,0.176,1.096,2.048,0.121,2.59916210526316
771,2015-03-31,GNV,2490,R$/m3,1.955,0.179,1.399,2.889,0.499,0.092,1.456,0.158,1.156,2.158,0.109,2.60460877192982
772,2015-04-30,GNV,2283,R$/m3,1.986,0.19,1.459,2.889,0.516,0.096,1.47,0.195,1.121,2.258,0.133,2.61176421052632
773,2015-05-31,GNV,2081,R$/m3,2.005,0.201,1.479,3.09,0.524,0.1,1.481,0.178,1.162,2.233,0.12,2.59559561403509
774,2015-06-30,GNV,2353,R$/m3,2.023,0.2,1.399,2.999,0.56,0.099,1.463,0.192,1.157,2.315,0.131,2.60434631578947
775,2015-07-31,GNV,2352,R$/m3,2.057,0.19,1.479,2.987,0.554,0.092,1.503,0.187,1.165,2.314,0.124,2.62393807017544
776,2015-08-31,GNV,1292,R$/m3,2.099,0.187,1.579,3.09,0.539,0.089,1.56,0.206,1.177,2.347,0.132,2.6521049122807
777,2015-09-30,GNV,1009,R$/m3,2.146,0.191,1.599,2.919,0.56,0.089,1.586,0.173,1.271,2.067,0.109,2.70094807017544
778,2015-10-31,GNV,1012,R$/m3,2.183,0.186,1.769,2.799,0.58,0.085,1.603,0.166,1.283,2.16,0.104,2.71113280701754
779,2015-11-30,GNV,1178,R$/m3,2.208,0.2,1.769,2.849,0.592,0.091,1.616,0.198,1.293,2.331,0.123,2.66896842105263
780,2015-12-31,GNV,1474,R$/m3,2.225,0.215,1.599,3.09,0.605,0.097,1.62,0.203,1.324,2.332,0.125,2.63018421052632
781,2016-01-31,GNV,1262,R$/m3,2.244,0.22,1.695,3.299,0.607,0.098,1.637,0.206,1.282,2.331,0.126,2.63335368421053
782,2016-02-29,GNV,1316,R$/m3,2.251,0.233,1.499,3.399,0.608,0.104,1.643,0.208,1.299,2.331,0.127,2.59654824561404
783,2016-03-31,GNV,1462,R$/m3,2.253,0.246,1.789,4.02,0.624,0.109,1.629,0.216,1.273,2.331,0.133,2.54786631578947
784,2016-04-30,GNV,1219,R$/m3,2.251,0.234,1.749,3.09,0.639,0.104,1.612,0.227,1.295,2.351,0.141,2.52546403508772
785,2016-05-31,GNV,1398,R$/m3,2.241,0.241,1.59,3.19,0.623,0.108,1.618,0.228,1.289,2.365,0.141,2.50127052631579
786,2016-06-30,GNV,1323,R$/m3,2.231,0.238,1.699,3.03,0.662,0.107,1.569,0.235,1.13,2.346,0.15,2.45801403508772
787,2016-07-31,GNV,1222,R$/m3,2.305,0.242,1.695,3.29,0.728,0.105,1.577,0.244,1.125,2.346,0.155,2.47120263157895
788,2016-08-31,GNV,1460,R$/m3,2.212,0.244,1.688,3.09,0.647,0.11,1.565,0.254,1.19,2.616,0.162,2.36451157894737
789,2016-09-30,GNV,1222,R$/m3,2.224,0.242,1.699,3.099,0.658,0.109,1.566,0.252,1.15,2.603,0.161,2.37148631578947
790,2016-10-31,GNV,1308,R$/m3,2.201,0.248,1.688,3.09,0.654,0.113,1.547,0.288,1.199,2.603,0.186,2.33923824561404
791,2016-11-30,GNV,1361,R$/m3,2.221,0.245,1.709,3.099,0.678,0.11,1.543,0.239,1.15,2.341,0.155,2.35426
792,2016-12-31,GNV,1156,R$/m3,2.214,0.263,1.749,3.22,0.648,0.119,1.566,0.289,1.163,2.72,0.185,2.34800526315789
793,2017-01-31,GNV,1300,R$/m3,2.218,0.265,1.729,3.2,0.648,0.119,1.57,0.28,1.178,2.69,0.178,2.33123473684211
794,2017-02-28,GNV,1001,R$/m3,2.284,0.265,1.749,3.099,0.703,0.116,1.581,0.251,1.172,2.346,0.159,2.37495929824561
795,2017-03-31,GNV,1361,R$/m3,2.302,0.258,1.789,3.099,0.668,0.112,1.634,0.223,1.22,2.3,0.136,2.39044526315789
796,2017-04-30,GNV,1129,R$/m3,2.298,0.256,1.789,3.099,0.634,0.111,1.664,0.223,1.252,2.299,0.134,2.38588842105263
797,2017-05-31,GNV,1353,R$/m3,2.316,0.261,1.789,3.099,0.686,0.113,1.63,0.223,1.24,2.314,0.137,2.44927157894737
798,2017-06-30,GNV,1123,R$/m3,2.334,0.267,1.78,3.099,0.684,0.114,1.65,0.209,1.31,2.3,0.127,2.50638842105263
799,2017-07-31,GNV,1135,R$/m3,2.342,0.275,1.7,3.099,0.616,0.117,1.726,0.221,1.245,2.632,0.128,2.54250807017544
800,2017-08-31,GNV,841,R$/m3,2.368,0.274,1.78,3.15,0.626,0.116,1.742,0.201,1.353,2.248,0.115,2.60064561403509
801,2017-09-30,GNV,703,R$/m3,2.376,0.277,1.78,3.099,0.621,0.117,1.755,0.199,1.33,2.35,0.113,2.60526315789474
802,2017-10-31,GNV,855,R$/m3,2.387,0.286,1.74,2.999,0.65,0.12,1.737,0.2,1.365,2.297,0.115,2.59764228070175
803,2017-11-30,GNV,684,R$/m3,2.42,0.278,1.76,3.1,0.651,0.115,1.769,0.199,1.365,2.269,0.112,2.62506315789474
804,2017-12-31,GNV,686,R$/m3,2.421,0.29,1.76,3.199,0.68,0.12,1.741,0.214,1.446,2.468,0.123,2.60406157894737
805,2018-01-31,GNV,1452,R$/m3,2.468,0.3,1.76,3.299,0.688,0.122,1.78,0.206,1.244,2.531,0.116,2.61608
806,2018-02-28,GNV,1250,R$/m3,2.519,0.302,1.799,3.299,0.695,0.12,1.824,0.226,1.244,2.492,0.124,2.63655333333333
807,2018-03-31,GNV,1254,R$/m3,2.551,0.32,1.81,3.399,0.718,0.125,1.833,0.237,1.276,2.531,0.129,2.66691385964912
808,2018-04-30,GNV,1277,R$/m3,2.562,0.322,1.83,3.399,0.694,0.126,1.868,0.231,1.345,2.498,0.124,2.64964736842105
