MES,PRODUTO,NUMERO_DE_POSTOS_PESQUISADOS,UNIDADE_DE_MEDIDA,PRECO_MEDIO_REVENDA,DESVIO_PADRAO_REVENDA,PRECO_MINIMO_REVENDA,PRECO_MAXIMO_REVENDA,MARGEM_MEDIA_REVENDA,COEF_DE_VARIACAO_REVENDA,PRECO_MEDIO_DISTRIBUICAO,DESVIO_PADRAO_DISTRIBUICAO,PRECO_MINIMO_DISTRIBUICAO,PRECO_MAXIMO_DISTRIBUICAO,COEF_DE_VARIACAO_DISTRIBUICAO
15-01-2013,ETANOL_HIDRATADO,39584,R$/l,1.956,0.244,1.479,3.120,0.266,0.125,1.690,0.222,1.220,2.475,0.131
15-01-2013,GASOLINA_COMUM,41990,R$/l,2.763,0.148,2.229,3.899,0.386,0.054,2.377,0.109,2.080,2.895,0.046
15-01-2013,GLP,39597,R$/13kg,40.164,3.964,26.000,62.000,10.310,0.099,29.854,4.462,15.000,45.000,0.149
15-01-2013,GNV,2401,R$/m3,1.764,0.171,1.379,2.599,0.407,0.097,1.357,0.154,0.835,1.913,0.113
15-01-2013,DIESEL,32749,R$/l,2.156,0.114,1.869,2.950,0.230,0.053,1.926,0.080,1.398,2.570,0.042
15-01-2013,DIESEL_S10,4741,R$/l,2.235,0.108,1.990,2.950,0.245,0.048,1.990,0.073,1.800,2.470,0.037
15-02-2013,ETANOL_HIDRATADO,32571,R$/l,2.000,0.239,1.480,3.150,0.267,0.120,1.733,0.217,1.300,2.601,0.125
15-02-2013,GASOLINA_COMUM,34665,R$/l,2.887,0.146,2.390,3.899,0.424,0.051,2.463,0.106,2.095,2.965,0.043
15-02-2013,GLP,32171,R$/13kg,40.414,3.976,26.000,62.000,10.528,0.098,29.886,4.503,14.663,45.000,0.151
15-02-2013,GNV,2035,R$/m3,1.770,0.165,1.399,2.599,0.432,0.093,1.338,0.149,0.837,1.896,0.111
15-02-2013,DIESEL,26615,R$/l,2.252,0.114,1.949,2.980,0.263,0.051,1.989,0.086,1.475,2.570,0.043
15-02-2013,DIESEL_S10,6671,R$/l,2.330,0.116,2.059,3.050,0.267,0.050,2.063,0.086,1.796,2.554,0.042
15-03-2013,ETANOL_HIDRATADO,32591,R$/l,2.058,0.230,1.580,3.150,0.254,0.112,1.804,0.210,1.298,2.659,0.116
15-03-2013,GASOLINA_COMUM,34663,R$/l,2.886,0.148,2.440,3.939,0.401,0.051,2.485,0.104,2.125,2.944,0.042
15-03-2013,GLP,32061,R$/13kg,40.513,4.031,26.000,62.000,10.528,0.099,29.985,4.622,14.660,45.000,0.154
15-03-2013,GNV,2043,R$/m3,1.776,0.165,1.399,2.599,0.424,0.093,1.352,0.152,0.952,2.222,0.112
15-03-2013,DIESEL,26438,R$/l,2.301,0.118,1.949,2.990,0.264,0.051,2.037,0.087,1.680,2.602,0.043
15-03-2013,DIESEL_S10,7374,R$/l,2.388,0.125,2.029,3.050,0.268,0.052,2.120,0.090,1.889,2.570,0.042
15-04-2013,ETANOL_HIDRATADO,36797,R$/l,2.064,0.238,1.580,3.160,0.262,0.115,1.802,0.220,1.300,2.660,0.122
15-04-2013,GASOLINA_COMUM,39290,R$/l,2.876,0.152,2.390,3.939,0.397,0.053,2.479,0.103,2.078,2.950,0.042
15-04-2013,GLP,35620,R$/13kg,40.743,4.123,27.000,62.000,10.821,0.101,29.922,4.567,14.660,45.000,0.153
15-04-2013,GNV,2435,R$/m3,1.784,0.167,1.399,2.599,0.411,0.094,1.373,0.165,0.952,2.222,0.120
15-04-2013,DIESEL,29656,R$/l,2.332,0.114,1.899,3.020,0.272,0.049,2.060,0.084,1.638,2.690,0.041
15-04-2013,DIESEL_S10,9488,R$/l,2.426,0.123,2.150,3.100,0.268,0.051,2.158,0.090,1.710,2.638,0.042
15-05-2013,ETANOL_HIDRATADO,36036,R$/l,2.029,0.261,1.389,3.160,0.301,0.129,1.728,0.265,1.235,2.660,0.153
15-05-2013,GASOLINA_COMUM,38624,R$/l,2.862,0.160,2.329,3.929,0.396,0.056,2.466,0.111,2.100,2.980,0.045
15-05-2013,GLP,36658,R$/13kg,40.899,4.173,27.000,62.000,10.937,0.102,29.962,4.706,15.870,45.000,0.157
15-05-2013,GNV,2215,R$/m3,1.777,0.159,1.379,2.599,0.415,0.089,1.362,0.157,0.952,1.872,0.115
15-05-2013,DIESEL,28753,R$/l,2.333,0.114,1.969,3.060,0.274,0.049,2.059,0.082,1.650,2.607,0.040
15-05-2013,DIESEL_S10,10113,R$/l,2.430,0.122,2.049,3.100,0.271,0.050,2.159,0.088,1.874,2.653,0.041
15-06-2013,DIESEL,25620,R$/l,2.333,0.115,1.949,3.060,0.277,0.049,2.056,0.081,1.750,2.607,0.039
15-06-2013,DIESEL_S10,9446,R$/l,2.432,0.121,2.140,3.100,0.268,0.050,2.164,0.080,1.925,2.678,0.037
15-06-2013,ETANOL_HIDRATADO,32257,R$/l,1.943,0.297,1.290,3.160,0.329,0.153,1.614,0.285,1.159,2.501,0.177
15-06-2013,GASOLINA_COMUM,34590,R$/l,2.848,0.168,2.309,3.699,0.400,0.059,2.448,0.113,2.120,2.971,0.046
15-06-2013,GLP,32093,R$/13kg,40.908,4.189,27.000,62.000,10.887,0.102,30.021,4.644,15.870,45.000,0.155
15-06-2013,GNV,2071,R$/m3,1.786,0.164,1.350,2.799,0.423,0.092,1.363,0.162,0.952,2.221,0.119
15-07-2013,DIESEL,31274,R$/l,2.333,0.115,1.969,3.060,0.278,0.049,2.055,0.082,1.700,2.650,0.040
15-07-2013,DIESEL_S10,12136,R$/l,2.431,0.120,2.029,3.100,0.270,0.049,2.161,0.081,1.889,2.734,0.037
15-07-2013,ETANOL_HIDRATADO,39298,R$/l,1.918,0.301,1.290,3.120,0.303,0.157,1.615,0.267,1.159,2.501,0.165
15-07-2013,GASOLINA_COMUM,42206,R$/l,2.839,0.170,2.255,3.699,0.397,0.060,2.442,0.115,2.082,2.950,0.047
15-07-2013,GLP,38175,R$/13kg,40.899,4.237,27.000,62.000,10.699,0.104,30.200,4.645,14.660,45.000,0.154
15-07-2013,GNV,2512,R$/m3,1.792,0.163,1.379,2.799,0.412,0.091,1.380,0.165,0.938,1.949,0.120
15-08-2013,DIESEL,26091,R$/l,2.331,0.115,1.989,3.060,0.281,0.049,2.050,0.083,1.752,2.656,0.040
15-08-2013,DIESEL_S10,10755,R$/l,2.430,0.120,2.179,3.150,0.271,0.049,2.159,0.082,1.911,2.678,0.038
15-08-2013,ETANOL_HIDRATADO,33169,R$/l,1.902,0.303,1.259,3.120,0.325,0.159,1.577,0.275,1.154,2.396,0.174
15-08-2013,GASOLINA_COMUM,35609,R$/l,2.835,0.169,2.349,3.699,0.401,0.060,2.434,0.117,2.082,2.950,0.048
15-08-2013,GLP,33888,R$/13kg,40.975,4.248,27.000,62.000,10.958,0.104,30.017,4.853,14.660,45.000,0.162
15-08-2013,GNV,2135,R$/m3,1.785,0.170,1.399,2.799,0.403,0.095,1.382,0.164,0.930,1.949,0.119
15-09-2013,DIESEL,27230,R$/l,2.331,0.116,1.989,3.060,0.280,0.050,2.051,0.083,1.720,2.656,0.040
15-09-2013,DIESEL_S10,12131,R$/l,2.430,0.119,2.176,3.150,0.271,0.049,2.159,0.082,1.923,2.674,0.038
15-09-2013,ETANOL_HIDRATADO,34648,R$/l,1.895,0.302,1.279,3.020,0.310,0.159,1.585,0.258,1.184,2.515,0.163
15-09-2013,GASOLINA_COMUM,37335,R$/l,2.834,0.168,2.370,3.699,0.400,0.059,2.434,0.116,2.025,2.942,0.048
15-09-2013,GLP,33009,R$/13kg,41.532,4.391,26.000,62.000,11.579,0.106,29.953,5.039,14.660,45.000,0.168
15-09-2013,GNV,2236,R$/m3,1.787,0.177,1.399,2.699,0.413,0.099,1.374,0.184,1.000,2.265,0.134
15-10-2013,DIESEL,29298,R$/l,2.332,0.117,1.949,3.060,0.283,0.050,2.049,0.084,1.480,2.656,0.041
15-10-2013,DIESEL_S10,13591,R$/l,2.428,0.120,1.938,3.150,0.272,0.049,2.156,0.085,1.966,2.674,0.039
15-10-2013,ETANOL_HIDRATADO,37563,R$/l,1.914,0.289,1.396,2.999,0.289,0.151,1.625,0.239,1.219,2.456,0.147
15-10-2013,GASOLINA_COMUM,40480,R$/l,2.834,0.169,2.350,3.699,0.392,0.060,2.442,0.115,2.025,2.972,0.047
15-10-2013,GLP,38944,R$/13kg,42.112,4.323,26.000,62.000,11.894,0.103,30.218,5.192,14.660,45.000,0.172
15-10-2013,GNV,2461,R$/m3,1.790,0.180,1.389,2.699,0.413,0.101,1.377,0.188,1.011,2.265,0.137
15-11-2013,DIESEL,24764,R$/l,2.332,0.117,1.989,3.060,0.282,0.050,2.050,0.083,1.720,2.656,0.040
15-11-2013,DIESEL_S10,11969,R$/l,2.428,0.121,2.026,3.100,0.272,0.050,2.156,0.083,1.908,2.675,0.038
15-11-2013,ETANOL_HIDRATADO,32090,R$/l,1.932,0.282,1.379,2.999,0.292,0.146,1.640,0.232,1.230,2.416,0.141
15-11-2013,GASOLINA_COMUM,34574,R$/l,2.841,0.166,2.330,3.990,0.395,0.058,2.446,0.115,2.025,2.961,0.047
15-11-2013,GLP,31958,R$/13kg,42.337,4.390,28.000,62.000,11.988,0.104,30.349,5.233,15.930,45.000,0.172
15-11-2013,GNV,2072,R$/m3,1.792,0.181,1.389,2.699,0.414,0.101,1.378,0.188,1.011,2.265,0.136
15-12-2013,DIESEL,28394,R$/l,2.466,0.126,2.036,3.270,0.322,0.051,2.144,0.100,1.720,2.779,0.047
15-12-2013,DIESEL_S10,14626,R$/l,2.570,0.131,2.159,3.390,0.310,0.051,2.260,0.103,1.924,2.808,0.046
15-12-2013,ETANOL_HIDRATADO,36734,R$/l,2.022,0.252,1.579,3.028,0.294,0.125,1.728,0.216,1.297,2.437,0.125
15-12-2013,GASOLINA_COMUM,39688,R$/l,2.946,0.155,2.419,4.079,0.426,0.053,2.520,0.114,2.131,3.037,0.045
15-12-2013,GLP,35736,R$/13kg,42.444,4.338,27.000,62.000,11.952,0.102,30.492,5.073,14.663,45.190,0.166
15-12-2013,GNV,2301,R$/m3,1.812,0.207,1.349,2.890,0.434,0.114,1.378,0.189,1.011,2.265,0.137
15-01-2014,DIESEL,26880,R$/l,2.485,0.126,2.099,3.310,0.295,0.051,2.190,0.090,1.881,2.850,0.041
15-01-2014,DIESEL_S10,14469,R$/l,2.590,0.128,2.245,3.390,0.286,0.049,2.304,0.085,1.989,2.900,0.037
15-01-2014,ETANOL_HIDRATADO,35088,R$/l,2.047,0.249,1.555,3.020,0.277,0.122,1.770,0.215,1.298,2.481,0.121
15-01-2014,GASOLINA_COMUM,38021,R$/l,2.956,0.156,2.528,4.099,0.405,0.053,2.551,0.109,2.200,3.062,0.043
15-01-2014,GLP,36128,R$/13kg,42.484,4.378,27.000,65.000,11.945,0.103,30.539,5.321,14.663,53.000,0.174
15-01-2014,GNV,2345,R$/m3,1.825,0.204,1.339,2.899,0.424,0.112,1.401,0.182,1.031,1.995,0.130
15-02-2014,DIESEL,24397,R$/l,2.491,0.126,2.149,3.310,0.294,0.051,2.197,0.089,1.904,2.962,0.041
15-02-2014,DIESEL_S10,13688,R$/l,2.596,0.127,2.250,3.390,0.280,0.049,2.316,0.087,1.934,3.071,0.038
15-02-2014,ETANOL_HIDRATADO,31777,R$/l,2.074,0.242,1.599,3.150,0.270,0.117,1.804,0.215,1.450,2.553,0.119
15-02-2014,GASOLINA_COMUM,34536,R$/l,2.955,0.158,2.499,4.159,0.395,0.053,2.560,0.113,2.224,3.306,0.044
15-02-2014,GLP,31905,R$/13kg,42.613,4.420,28.000,65.000,12.031,0.104,30.582,5.227,14.324,53.000,0.171
15-02-2014,GNV,2108,R$/m3,1.830,0.203,1.399,2.899,0.422,0.111,1.408,0.178,1.031,2.042,0.126
15-03-2014,DIESEL,25621,R$/l,2.497,0.126,2.145,3.310,0.298,0.050,2.199,0.091,1.950,2.881,0.041
15-03-2014,DIESEL_S10,15498,R$/l,2.601,0.125,2.253,3.390,0.291,0.048,2.310,0.085,2.116,2.929,0.037
15-03-2014,ETANOL_HIDRATADO,33549,R$/l,2.168,0.222,1.769,3.150,0.270,0.102,1.898,0.202,1.512,2.678,0.106
15-03-2014,GASOLINA_COMUM,36567,R$/l,2.980,0.150,2.499,4.159,0.395,0.050,2.585,0.108,2.212,3.105,0.042
15-03-2014,GLP,33383,R$/13kg,42.631,4.440,28.000,70.000,12.152,0.104,30.479,5.149,14.663,53.000,0.169
15-03-2014,GNV,2238,R$/m3,1.841,0.209,1.399,2.899,0.407,0.114,1.434,0.195,1.039,2.315,0.136
15-04-2014,DIESEL,28234,R$/l,2.502,0.129,2.120,3.310,0.303,0.052,2.199,0.094,1.806,2.881,0.043
15-04-2014,DIESEL_S10,18171,R$/l,2.608,0.126,2.299,3.390,0.296,0.048,2.312,0.088,2.068,2.929,0.038
15-04-2014,ETANOL_HIDRATADO,37283,R$/l,2.177,0.240,1.499,3.170,0.294,0.110,1.883,0.230,1.356,2.741,0.122
15-04-2014,GASOLINA_COMUM,40925,R$/l,2.988,0.152,2.490,4.159,0.394,0.051,2.594,0.106,2.213,3.200,0.041
15-04-2014,GLP,38192,R$/13kg,42.672,4.464,29.000,65.000,12.221,0.105,30.451,5.466,14.200,53.000,0.180
15-04-2014,GNV,2550,R$/m3,1.859,0.213,1.399,2.899,0.427,0.115,1.432,0.189,1.039,1.995,0.132
15-05-2014,DIESEL,23865,R$/l,2.500,0.129,2.150,3.310,0.301,0.052,2.199,0.095,1.896,2.881,0.043
15-05-2014,DIESEL_S10,15424,R$/l,2.609,0.128,2.279,3.390,0.297,0.049,2.312,0.092,2.023,2.957,0.040
15-05-2014,ETANOL_HIDRATADO,31337,R$/l,2.134,0.267,1.510,3.170,0.333,0.125,1.801,0.273,1.300,2.741,0.152
15-05-2014,GASOLINA_COMUM,34438,R$/l,2.978,0.157,2.100,4.159,0.389,0.053,2.589,0.109,2.270,3.163,0.042
15-05-2014,GLP,31804,R$/13kg,42.664,4.612,29.900,65.000,12.319,0.108,30.345,5.673,16.240,55.000,0.187
15-05-2014,GNV,2092,R$/m3,1.871,0.213,1.399,2.699,0.451,0.114,1.420,0.179,1.090,2.042,0.126
15-06-2014,DIESEL,25010,R$/l,2.500,0.128,2.149,3.310,0.304,0.051,2.196,0.094,1.880,2.881,0.043
15-06-2014,DIESEL_S10,16913,R$/l,2.609,0.127,2.299,3.400,0.295,0.049,2.314,0.090,1.950,2.975,0.039
15-06-2014,ETANOL_HIDRATADO,33237,R$/l,2.071,0.294,1.549,3.170,0.341,0.142,1.730,0.276,1.342,2.741,0.160
15-06-2014,GASOLINA_COMUM,36480,R$/l,2.966,0.163,2.499,4.159,0.393,0.055,2.573,0.110,2.250,3.163,0.043
15-06-2014,GLP,32784,R$/13kg,42.692,4.650,29.900,65.000,12.273,0.109,30.419,5.738,14.663,55.000,0.189
15-06-2014,GNV,2222,R$/m3,1.888,0.209,1.399,2.699,0.448,0.111,1.440,0.184,1.092,2.042,0.128
15-07-2014,DIESEL,27942,R$/l,2.499,0.130,2.150,3.310,0.303,0.052,2.196,0.094,1.880,2.769,0.043
15-07-2014,DIESEL_S10,19379,R$/l,2.610,0.128,2.299,3.400,0.292,0.049,2.318,0.090,1.950,2.883,0.039
15-07-2014,ETANOL_HIDRATADO,37356,R$/l,2.042,0.299,1.559,3.200,0.319,0.146,1.723,0.260,1.359,2.629,0.151
15-07-2014,GASOLINA_COMUM,40985,R$/l,2.957,0.171,2.488,4.169,0.393,0.058,2.564,0.113,2.230,3.167,0.044
15-07-2014,GLP,38671,R$/13kg,42.657,4.712,28.000,65.000,12.324,0.110,30.333,5.874,14.660,55.000,0.194
15-07-2014,GNV,2546,R$/m3,1.892,0.191,1.399,2.799,0.455,0.101,1.437,0.188,1.073,2.042,0.131
15-08-2014,DIESEL,23265,R$/l,2.501,0.130,2.150,3.310,0.296,0.052,2.205,0.095,1.991,2.769,0.043
15-08-2014,DIESEL_S10,16759,R$/l,2.633,0.128,2.216,3.400,0.295,0.049,2.338,0.090,2.103,2.883,0.038
15-08-2014,ETANOL_HIDRATADO,31294,R$/l,2.034,0.302,1.559,3.200,0.318,0.148,1.716,0.263,1.360,2.663,0.153
15-08-2014,GASOLINA_COMUM,34448,R$/l,2.960,0.169,2.488,4.169,0.399,0.057,2.561,0.113,2.240,3.153,0.044
15-08-2014,GLP,31735,R$/13kg,42.638,4.683,28.000,65.000,12.178,0.110,30.460,5.809,14.660,55.000,0.191
15-08-2014,GNV,2134,R$/m3,1.916,0.182,1.399,2.799,0.468,0.095,1.448,0.182,1.085,2.048,0.126
15-09-2014,DIESEL,26629,R$/l,2.501,0.130,2.190,3.310,0.295,0.052,2.206,0.097,1.910,2.891,0.044
15-09-2014,DIESEL_S10,19813,R$/l,2.640,0.126,2.199,3.400,0.296,0.048,2.344,0.090,2.073,2.981,0.038
15-09-2014,ETANOL_HIDRATADO,35737,R$/l,2.005,0.305,1.499,3.200,0.309,0.152,1.696,0.267,1.340,2.502,0.157
15-09-2014,GASOLINA_COMUM,39519,R$/l,2.963,0.165,2.499,4.169,0.404,0.056,2.559,0.116,2.220,3.136,0.045
15-09-2014,GLP,35431,R$/13kg,43.700,5.025,28.000,69.000,12.932,0.115,30.768,5.919,14.660,55.000,0.192
15-09-2014,GNV,2412,R$/m3,1.900,0.179,1.399,2.799,0.457,0.094,1.443,0.162,1.085,2.145,0.112
15-10-2014,DIESEL,25424,R$/l,2.500,0.131,2.190,3.310,0.293,0.052,2.207,0.100,1.939,2.891,0.045
15-10-2014,DIESEL_S10,19247,R$/l,2.640,0.127,2.329,3.400,0.298,0.048,2.342,0.093,2.032,2.981,0.040
15-10-2014,ETANOL_HIDRATADO,34305,R$/l,1.999,0.308,1.470,3.170,0.330,0.154,1.669,0.280,1.275,2.673,0.168
15-10-2014,GASOLINA_COMUM,37883,R$/l,2.960,0.166,2.450,4.159,0.403,0.056,2.557,0.115,2.220,3.298,0.045
15-10-2014,GLP,35862,R$/13kg,44.432,5.049,29.000,69.000,13.278,0.114,31.154,5.902,14.660,55.000,0.189
15-10-2014,GNV,2370,R$/m3,1.903,0.175,1.379,2.799,0.461,0.092,1.442,0.164,1.118,2.048,0.114
15-11-2014,DIESEL,22960,R$/l,2.564,0.142,2.199,3.440,0.312,0.055,2.252,0.110,1.982,2.976,0.049
15-11-2014,DIESEL_S10,17971,R$/l,2.713,0.140,2.349,3.560,0.323,0.052,2.390,0.106,2.046,2.900,0.044
15-11-2014,ETANOL_HIDRATADO,31032,R$/l,2.016,0.303,1.470,3.430,0.349,0.150,1.667,0.273,1.315,2.673,0.164
15-11-2014,GASOLINA_COMUM,34316,R$/l,3.009,0.170,2.450,4.369,0.430,0.056,2.579,0.117,2.240,3.171,0.045
15-11-2014,GLP,31596,R$/13kg,44.596,5.098,30.000,69.000,13.194,0.114,31.402,5.968,14.660,55.000,0.190
15-11-2014,GNV,2102,R$/m3,1.907,0.183,1.379,2.889,0.467,0.096,1.440,0.170,1.113,2.048,0.118
15-12-2014,DIESEL,28340,R$/l,2.606,0.135,2.199,3.460,0.302,0.052,2.304,0.103,2.016,2.913,0.045
15-12-2014,DIESEL_S10,22849,R$/l,2.756,0.134,2.370,3.590,0.317,0.049,2.439,0.103,2.049,3.118,0.042
15-12-2014,ETANOL_HIDRATADO,38670,R$/l,2.041,0.292,1.599,3.328,0.316,0.143,1.725,0.246,1.350,2.786,0.143
15-12-2014,GASOLINA_COMUM,42745,R$/l,3.031,0.171,2.499,4.299,0.424,0.056,2.607,0.121,2.223,3.218,0.046
15-12-2014,GLP,39146,R$/13kg,44.701,5.044,29.990,69.000,13.262,0.113,31.439,5.919,14.660,51.500,0.188
15-12-2014,GNV,2642,R$/m3,1.913,0.181,1.379,2.889,0.455,0.095,1.458,0.170,1.113,2.048,0.117
15-01-2015,DIESEL,22914,R$/l,2.611,0.137,2.130,3.460,0.294,0.052,2.317,0.103,1.941,3.034,0.044
15-01-2015,DIESEL_S10,18498,R$/l,2.763,0.134,2.099,3.590,0.305,0.048,2.458,0.101,2.124,3.118,0.041
15-01-2015,ETANOL_HIDRATADO,31032,R$/l,2.061,0.286,1.599,3.320,0.295,0.139,1.766,0.238,1.395,2.786,0.135
15-01-2015,GASOLINA_COMUM,34414,R$/l,3.032,0.171,2.499,4.299,0.408,0.056,2.624,0.119,2.210,3.218,0.045
15-01-2015,GLP,31967,R$/13kg,44.673,5.094,30.000,69.000,13.254,0.114,31.419,5.920,14.660,51.500,0.188
15-01-2015,GNV,2099,R$/m3,1.926,0.182,1.379,2.889,0.486,0.094,1.440,0.179,1.096,2.048,0.124
15-02-2015,DIESEL,22554,R$/l,2.788,0.154,2.199,3.740,0.374,0.055,2.414,0.125,2.040,3.092,0.052
15-02-2015,DIESEL_S10,18824,R$/l,2.937,0.148,2.099,3.750,0.381,0.050,2.556,0.124,2.120,3.285,0.049
15-02-2015,ETANOL_HIDRATADO,30770,R$/l,2.224,0.267,1.630,3.610,0.354,0.120,1.870,0.230,1.338,2.757,0.123
15-02-2015,GASOLINA_COMUM,34078,R$/l,3.301,0.187,2.350,4.520,0.508,0.057,2.793,0.159,2.237,3.437,0.057
15-02-2015,GLP,31578,R$/13kg,44.892,5.200,30.000,69.000,13.331,0.116,31.561,6.029,14.660,51.500,0.191
15-02-2015,GNV,2156,R$/m3,1.944,0.175,1.379,2.889,0.494,0.090,1.450,0.176,1.096,2.048,0.121
15-03-2015,DIESEL,25823,R$/l,2.810,0.147,2.299,3.700,0.334,0.052,2.476,0.112,2.041,3.213,0.045
15-03-2015,DIESEL_S10,22144,R$/l,2.958,0.142,2.499,3.750,0.343,0.048,2.615,0.111,2.122,3.382,0.042
15-03-2015,ETANOL_HIDRATADO,35541,R$/l,2.226,0.276,1.650,3.610,0.381,0.124,1.845,0.251,1.381,2.757,0.136
15-03-2015,GASOLINA_COMUM,39073,R$/l,3.323,0.186,2.749,4.529,0.448,0.056,2.875,0.127,2.243,3.451,0.044
15-03-2015,GLP,34101,R$/13kg,45.228,5.505,28.000,69.000,13.436,0.122,31.792,6.282,14.000,57.000,0.198
15-03-2015,GNV,2490,R$/m3,1.955,0.179,1.399,2.889,0.499,0.092,1.456,0.158,1.156,2.158,0.109
15-04-2015,DIESEL,24373,R$/l,2.809,0.147,2.349,3.700,0.332,0.052,2.477,0.109,2.127,3.056,0.044
15-04-2015,DIESEL_S10,21138,R$/l,2.957,0.141,2.359,3.750,0.343,0.048,2.614,0.105,2.175,3.211,0.040
15-04-2015,ETANOL_HIDRATADO,33790,R$/l,2.179,0.296,1.649,3.610,0.391,0.136,1.788,0.258,1.369,2.706,0.144
15-04-2015,GASOLINA_COMUM,37269,R$/l,3.308,0.200,2.749,4.529,0.435,0.060,2.873,0.132,2.271,3.383,0.046
15-04-2015,GLP,31695,R$/13kg,45.765,5.512,28.000,70.000,14.083,0.120,31.682,6.004,14.660,52.000,0.190
15-04-2015,GNV,2283,R$/m3,1.986,0.190,1.459,2.889,0.516,0.096,1.470,0.195,1.121,2.258,0.133
15-05-2015,DIESEL,22157,R$/l,2.808,0.147,2.419,3.700,0.326,0.052,2.482,0.110,2.111,3.066,0.044
15-05-2015,DIESEL_S10,19551,R$/l,2.956,0.140,2.569,3.750,0.339,0.047,2.617,0.108,2.300,3.040,0.041
15-05-2015,ETANOL_HIDRATADO,30876,R$/l,2.141,0.309,1.579,3.610,0.370,0.144,1.771,0.269,1.363,2.706,0.152
15-05-2015,GASOLINA_COMUM,33871,R$/l,3.299,0.205,2.749,4.519,0.432,0.062,2.867,0.134,2.441,3.389,0.047
15-05-2015,GLP,29307,R$/13kg,45.950,5.552,29.990,70.000,14.001,0.121,31.949,5.770,14.660,54.000,0.181
15-05-2015,GNV,2081,R$/m3,2.005,0.201,1.479,3.090,0.524,0.100,1.481,0.178,1.162,2.233,0.120
15-06-2015,DIESEL,25964,R$/l,2.807,0.147,2.450,3.700,0.322,0.052,2.485,0.114,2.113,3.126,0.046
15-06-2015,DIESEL_S10,23032,R$/l,2.957,0.139,2.569,3.750,0.336,0.047,2.621,0.107,2.143,3.241,0.041
15-06-2015,ETANOL_HIDRATADO,36073,R$/l,2.112,0.320,1.579,3.610,0.371,0.152,1.741,0.281,1.336,2.691,0.161
15-06-2015,GASOLINA_COMUM,39539,R$/l,3.301,0.203,2.719,4.519,0.437,0.061,2.864,0.137,2.450,3.470,0.048
15-06-2015,GLP,33997,R$/13kg,45.920,5.605,29.990,70.000,14.024,0.122,31.896,5.654,14.660,55.000,0.177
15-06-2015,GNV,2353,R$/m3,2.023,0.200,1.399,2.999,0.560,0.099,1.463,0.192,1.157,2.315,0.131
15-07-2015,DIESEL,23492,R$/l,2.805,0.145,2.440,3.700,0.308,0.052,2.497,0.108,2.104,3.126,0.043
15-07-2015,DIESEL_S10,21511,R$/l,2.954,0.138,2.469,3.750,0.325,0.047,2.629,0.103,2.260,3.244,0.039
15-07-2015,ETANOL_HIDRATADO,33344,R$/l,2.081,0.334,1.479,3.610,0.359,0.160,1.722,0.285,1.338,2.674,0.166
15-07-2015,GASOLINA_COMUM,36463,R$/l,3.296,0.208,2.719,4.519,0.432,0.063,2.864,0.136,2.390,3.392,0.047
15-07-2015,GLP,31903,R$/13kg,45.959,5.494,29.990,70.000,14.074,0.120,31.885,5.768,13.984,55.000,0.181
15-07-2015,GNV,2352,R$/m3,2.057,0.190,1.479,2.987,0.554,0.092,1.503,0.187,1.165,2.314,0.124
15-08-2015,DIESEL,13157,R$/l,2.805,0.146,2.450,3.700,0.294,0.052,2.511,0.112,2.136,3.131,0.045
15-08-2015,DIESEL_S10,12510,R$/l,2.954,0.137,2.499,3.750,0.323,0.046,2.631,0.104,2.112,3.269,0.040
15-08-2015,ETANOL_HIDRATADO,19054,R$/l,2.061,0.345,1.467,3.610,0.362,0.167,1.699,0.295,1.171,2.699,0.174
15-08-2015,GASOLINA_COMUM,20698,R$/l,3.295,0.210,2.749,4.519,0.432,0.064,2.863,0.141,2.374,3.403,0.049
15-08-2015,GLP,18871,R$/13kg,46.015,5.579,29.990,70.000,14.043,0.121,31.972,5.717,13.984,53.210,0.179
15-08-2015,GNV,1292,R$/m3,2.099,0.187,1.579,3.090,0.539,0.089,1.560,0.206,1.177,2.347,0.132
15-09-2015,DIESEL,7915,R$/l,2.809,0.153,2.480,3.640,0.279,0.054,2.530,0.116,2.104,3.110,0.046
15-09-2015,DIESEL_S10,8247,R$/l,2.957,0.143,2.599,3.700,0.318,0.048,2.639,0.108,2.256,3.245,0.041
15-09-2015,ETANOL_HIDRATADO,12475,R$/l,2.074,0.336,1.390,3.610,0.339,0.162,1.735,0.274,1.220,2.699,0.158
15-09-2015,GASOLINA_COMUM,13475,R$/l,3.277,0.201,2.749,4.160,0.415,0.061,2.862,0.140,2.471,3.395,0.049
15-09-2015,GLP,14790,R$/13kg,52.918,7.049,35.000,80.000,17.700,0.133,35.218,7.476,19.000,58.900,0.212
15-09-2015,GNV,1009,R$/m3,2.146,0.191,1.599,2.919,0.560,0.089,1.586,0.173,1.271,2.067,0.109
15-10-2015,DIESEL,8633,R$/l,2.925,0.162,2.510,3.990,0.322,0.055,2.603,0.123,2.290,3.180,0.047
15-10-2015,DIESEL_S10,8994,R$/l,3.074,0.156,2.649,4.020,0.366,0.051,2.708,0.116,2.314,3.366,0.043
15-10-2015,ETANOL_HIDRATADO,13086,R$/l,2.365,0.272,1.670,3.790,0.369,0.115,1.996,0.245,1.445,2.862,0.123
15-10-2015,GASOLINA_COMUM,14226,R$/l,3.480,0.202,2.899,4.550,0.466,0.058,3.014,0.156,2.459,3.614,0.052
15-10-2015,GLP,15112,R$/13kg,53.867,6.980,36.000,80.000,17.286,0.130,36.581,7.083,16.790,60.000,0.194
15-10-2015,GNV,1012,R$/m3,2.183,0.186,1.769,2.799,0.580,0.085,1.603,0.166,1.283,2.160,0.104
15-11-2015,DIESEL,11193,R$/l,2.965,0.161,2.499,3.980,0.317,0.054,2.648,0.124,2.160,3.258,0.047
15-11-2015,DIESEL_S10,11473,R$/l,3.112,0.156,2.590,4.020,0.361,0.050,2.751,0.118,2.390,3.418,0.043
15-11-2015,ETANOL_HIDRATADO,16338,R$/l,2.578,0.271,1.890,3.800,0.363,0.105,2.215,0.242,1.577,3.252,0.109
15-11-2015,GASOLINA_COMUM,17843,R$/l,3.576,0.199,2.959,4.800,0.462,0.056,3.114,0.149,2.590,3.702,0.048
15-11-2015,GLP,18423,R$/13kg,54.205,6.746,35.000,82.000,16.859,0.124,37.346,6.730,20.170,60.000,0.180
15-11-2015,GNV,1178,R$/m3,2.208,0.200,1.769,2.849,0.592,0.091,1.616,0.198,1.293,2.331,0.123
15-12-2015,DIESEL,15743,R$/l,2.985,0.157,2.489,3.950,0.323,0.053,2.662,0.115,2.290,3.260,0.043
15-12-2015,DIESEL_S10,15871,R$/l,3.128,0.155,2.649,4.020,0.352,0.050,2.776,0.109,2.198,3.440,0.039
15-12-2015,ETANOL_HIDRATADO,22409,R$/l,2.659,0.275,2.130,3.850,0.363,0.103,2.296,0.261,1.752,3.254,0.114
15-12-2015,GASOLINA_COMUM,24507,R$/l,3.633,0.191,3.079,4.719,0.459,0.053,3.174,0.135,2.663,3.734,0.043
15-12-2015,GLP,24556,R$/13kg,54.071,6.831,35.000,83.000,16.557,0.126,37.514,6.759,16.790,60.000,0.180
15-12-2015,GNV,1474,R$/m3,2.225,0.215,1.599,3.090,0.605,0.097,1.620,0.203,1.324,2.332,0.125
15-01-2016,DIESEL,14961,R$/l,3.003,0.160,2.460,3.950,0.320,0.053,2.683,0.117,2.179,3.260,0.044
15-01-2016,DIESEL_S10,14858,R$/l,3.148,0.158,2.649,4.020,0.348,0.050,2.800,0.115,2.330,3.440,0.041
15-01-2016,ETANOL_HIDRATADO,20842,R$/l,2.718,0.304,2.179,3.955,0.349,0.112,2.369,0.265,1.917,3.462,0.112
15-01-2016,GASOLINA_COMUM,22761,R$/l,3.676,0.204,3.149,4.799,0.450,0.055,3.226,0.141,2.860,3.727,0.044
15-01-2016,GLP,22055,R$/13kg,53.947,6.914,35.000,83.000,16.374,0.128,37.573,6.672,21.090,60.000,0.178
15-01-2016,GNV,1262,R$/m3,2.244,0.220,1.695,3.299,0.607,0.098,1.637,0.206,1.282,2.331,0.126
15-02-2016,DIESEL,16325,R$/l,3.017,0.165,2.499,3.900,0.322,0.055,2.695,0.124,2.320,3.326,0.046
15-02-2016,DIESEL_S10,16430,R$/l,3.158,0.164,2.649,4.020,0.349,0.052,2.809,0.124,2.490,3.596,0.044
15-02-2016,ETANOL_HIDRATADO,22689,R$/l,2.808,0.311,2.199,4.296,0.327,0.111,2.481,0.264,1.950,3.590,0.106
15-02-2016,GASOLINA_COMUM,24756,R$/l,3.710,0.206,3.109,4.799,0.450,0.056,3.260,0.147,2.890,3.771,0.045
15-02-2016,GLP,23228,R$/13kg,53.941,6.810,35.000,82.000,15.970,0.126,37.971,6.638,21.090,60.000,0.175
15-02-2016,GNV,1316,R$/m3,2.251,0.233,1.499,3.399,0.608,0.104,1.643,0.208,1.299,2.331,0.127
15-03-2016,DIESEL,17219,R$/l,3.020,0.166,2.499,3.980,0.326,0.055,2.694,0.132,2.062,3.350,0.049
15-03-2016,DIESEL_S10,17561,R$/l,3.164,0.165,2.649,4.250,0.356,0.052,2.808,0.133,2.490,3.644,0.047
15-03-2016,ETANOL_HIDRATADO,24029,R$/l,2.869,0.326,2.259,4.296,0.324,0.114,2.545,0.284,2.050,3.680,0.112
15-03-2016,GASOLINA_COMUM,26434,R$/l,3.730,0.210,3.179,4.840,0.448,0.056,3.282,0.149,2.734,3.792,0.045
15-03-2016,GLP,26371,R$/13kg,53.871,6.833,35.000,83.000,15.637,0.127,38.234,6.744,21.230,59.990,0.176
15-03-2016,GNV,1462,R$/m3,2.253,0.246,1.789,4.020,0.624,0.109,1.629,0.216,1.273,2.331,0.133
15-04-2016,DIESEL,14870,R$/l,3.021,0.171,2.640,3.980,0.324,0.057,2.697,0.130,2.320,3.373,0.048
15-04-2016,DIESEL_S10,15281,R$/l,3.165,0.170,2.740,4.098,0.353,0.054,2.812,0.134,2.434,3.695,0.048
15-04-2016,ETANOL_HIDRATADO,20839,R$/l,2.741,0.406,1.859,4.296,0.444,0.148,2.297,0.419,1.499,3.830,0.182
15-04-2016,GASOLINA_COMUM,22743,R$/l,3.717,0.219,3.059,4.890,0.458,0.059,3.259,0.162,2.830,3.792,0.050
15-04-2016,GLP,22046,R$/13kg,53.679,6.856,35.000,83.000,15.500,0.128,38.179,6.578,21.529,58.500,0.172
15-04-2016,GNV,1219,R$/m3,2.251,0.234,1.749,3.090,0.639,0.104,1.612,0.227,1.295,2.351,0.141
15-05-2016,DIESEL,17335,R$/l,3.017,0.170,2.460,3.980,0.325,0.056,2.692,0.130,2.059,3.369,0.048
15-05-2016,DIESEL_S10,18009,R$/l,3.161,0.168,2.499,4.250,0.359,0.053,2.802,0.134,2.336,3.750,0.048
15-05-2016,ETANOL_HIDRATADO,24153,R$/l,2.478,0.479,1.597,4.296,0.433,0.193,2.045,0.406,1.420,3.690,0.199
15-05-2016,GASOLINA_COMUM,26393,R$/l,3.674,0.233,3.047,4.890,0.481,0.063,3.193,0.177,2.590,3.681,0.055
15-05-2016,GLP,25641,R$/13kg,53.384,6.951,35.000,83.000,15.612,0.130,37.772,6.650,21.529,58.500,0.176
15-05-2016,GNV,1398,R$/m3,2.241,0.241,1.590,3.190,0.623,0.108,1.618,0.228,1.289,2.365,0.141
15-06-2016,DIESEL,15839,R$/l,3.015,0.172,2.539,3.980,0.327,0.057,2.688,0.131,2.093,3.353,0.049
15-06-2016,DIESEL_S10,17125,R$/l,3.159,0.172,2.690,4.090,0.359,0.054,2.800,0.132,2.404,3.750,0.047
15-06-2016,ETANOL_HIDRATADO,22695,R$/l,2.466,0.437,1.749,4.069,0.364,0.177,2.102,0.349,1.584,3.690,0.166
15-06-2016,GASOLINA_COMUM,24764,R$/l,3.646,0.235,3.049,4.890,0.462,0.064,3.184,0.179,2.590,3.718,0.056
15-06-2016,GLP,23908,R$/13kg,53.121,7.101,34.000,82.000,16.058,0.134,37.063,6.568,21.670,68.000,0.177
15-06-2016,GNV,1323,R$/m3,2.231,0.238,1.699,3.030,0.662,0.107,1.569,0.235,1.130,2.346,0.150
15-07-2016,DIESEL,14537,R$/l,3.015,0.172,2.539,3.980,0.334,0.057,2.681,0.134,2.320,3.339,0.050
15-07-2016,DIESEL_S10,15905,R$/l,3.166,0.172,2.730,4.250,0.363,0.054,2.803,0.134,2.070,3.688,0.048
15-07-2016,ETANOL_HIDRATADO,20747,R$/l,2.454,0.441,1.790,3.999,0.369,0.180,2.085,0.359,1.574,3.567,0.172
15-07-2016,GASOLINA_COMUM,22686,R$/l,3.645,0.242,3.049,4.890,0.468,0.066,3.177,0.183,2.309,3.800,0.058
15-07-2016,GLP,22011,R$/13kg,52.833,7.076,34.000,82.000,15.799,0.134,37.034,6.536,21.669,61.250,0.176
15-07-2016,GNV,1222,R$/m3,2.305,0.242,1.695,3.290,0.728,0.105,1.577,0.244,1.125,2.346,0.155
15-08-2016,DIESEL,17699,R$/l,3.010,0.171,2.530,3.980,0.336,0.057,2.674,0.135,2.296,3.339,0.050
15-08-2016,DIESEL_S10,19783,R$/l,3.150,0.171,2.690,4.250,0.364,0.054,2.786,0.135,2.339,3.714,0.048
15-08-2016,ETANOL_HIDRATADO,25529,R$/l,2.485,0.417,1.890,3.999,0.340,0.168,2.145,0.337,1.626,3.570,0.157
15-08-2016,GASOLINA_COMUM,27838,R$/l,3.651,0.237,2.999,4.899,0.461,0.065,3.190,0.185,2.308,3.731,0.058
15-08-2016,GLP,27002,R$/13kg,52.774,7.039,33.000,82.000,15.941,0.133,36.833,6.517,21.670,72.000,0.177
15-08-2016,GNV,1460,R$/m3,2.212,0.244,1.688,3.090,0.647,0.110,1.565,0.254,1.190,2.616,0.162
15-09-2016,DIESEL,14777,R$/l,3.009,0.174,2.530,3.980,0.335,0.058,2.674,0.137,2.360,3.342,0.051
15-09-2016,DIESEL_S10,16519,R$/l,3.150,0.175,2.499,4.250,0.361,0.056,2.789,0.140,2.184,3.740,0.050
15-09-2016,ETANOL_HIDRATADO,21236,R$/l,2.510,0.403,1.890,3.999,0.331,0.161,2.179,0.327,1.696,3.470,0.150
15-09-2016,GASOLINA_COMUM,23221,R$/l,3.648,0.237,3.010,4.899,0.451,0.065,3.197,0.183,2.590,3.952,0.057
15-09-2016,GLP,22421,R$/13kg,54.688,7.129,35.000,90.000,16.997,0.130,37.691,6.591,21.523,72.000,0.175
15-09-2016,GNV,1222,R$/m3,2.224,0.242,1.699,3.099,0.658,0.109,1.566,0.252,1.150,2.603,0.161
15-10-2016,DIESEL,15364,R$/l,3.009,0.171,2.530,3.980,0.346,0.057,2.663,0.142,2.370,3.372,0.053
15-10-2016,DIESEL_S10,17774,R$/l,3.148,0.174,2.490,4.250,0.370,0.055,2.778,0.143,2.344,3.741,0.051
15-10-2016,ETANOL_HIDRATADO,22402,R$/l,2.676,0.352,1.979,4.200,0.332,0.132,2.344,0.295,1.770,3.591,0.126
15-10-2016,GASOLINA_COMUM,24478,R$/l,3.662,0.227,3.049,4.899,0.447,0.062,3.215,0.177,2.590,3.952,0.055
15-10-2016,GLP,24578,R$/13kg,55.343,7.351,35.000,90.000,16.793,0.133,38.550,6.632,21.641,79.200,0.172
15-10-2016,GNV,1308,R$/m3,2.201,0.248,1.688,3.090,0.654,0.113,1.547,0.288,1.199,2.603,0.186
15-11-2016,DIESEL,16532,R$/l,2.993,0.178,2.459,3.980,0.374,0.059,2.619,0.154,2.190,3.346,0.059
15-11-2016,DIESEL_S10,18858,R$/l,3.136,0.182,2.599,4.250,0.396,0.058,2.740,0.155,2.290,3.742,0.057
15-11-2016,ETANOL_HIDRATADO,23703,R$/l,2.812,0.332,2.259,4.479,0.322,0.118,2.490,0.283,1.766,3.823,0.114
15-11-2016,GASOLINA_COMUM,26093,R$/l,3.671,0.220,2.999,4.899,0.444,0.060,3.227,0.172,2.590,3.959,0.053
15-11-2016,GLP,23914,R$/13kg,55.607,7.437,35.000,90.000,16.558,0.134,39.049,6.816,21.623,79.200,0.175
15-11-2016,GNV,1361,R$/m3,2.221,0.245,1.709,3.099,0.678,0.110,1.543,0.239,1.150,2.341,0.155
15-12-2016,DIESEL,14528,R$/l,3.024,0.192,2.459,4.070,0.406,0.063,2.618,0.163,2.180,3.389,0.062
15-12-2016,DIESEL_S10,16936,R$/l,3.170,0.192,2.599,4.250,0.425,0.061,2.745,0.164,2.229,3.627,0.060
15-12-2016,ETANOL_HIDRATADO,20865,R$/l,2.831,0.344,2.299,4.479,0.345,0.122,2.486,0.292,1.984,3.791,0.117
15-12-2016,GASOLINA_COMUM,23221,R$/l,3.734,0.226,3.099,4.899,0.458,0.061,3.276,0.172,2.590,3.793,0.053
15-12-2016,GLP,22860,R$/13kg,55.601,7.382,35.000,90.000,16.367,0.133,39.234,6.593,21.675,79.200,0.168
15-12-2016,GNV,1156,R$/m3,2.214,0.263,1.749,3.220,0.648,0.119,1.566,0.289,1.163,2.720,0.185
15-01-2017,DIESEL,16537,R$/l,3.092,0.192,2.459,4.220,0.376,0.062,2.716,0.152,2.190,3.442,0.056
15-01-2017,DIESEL_S10,19362,R$/l,3.239,0.194,2.590,4.299,0.399,0.060,2.840,0.155,2.299,3.750,0.055
15-01-2017,ETANOL_HIDRATADO,23751,R$/l,2.910,0.346,2.259,4.489,0.347,0.119,2.563,0.290,1.983,3.915,0.113
15-01-2017,GASOLINA_COMUM,26373,R$/l,3.768,0.229,3.139,4.949,0.434,0.061,3.334,0.170,2.340,3.921,0.051
15-01-2017,GLP,24880,R$/13kg,55.610,7.484,35.900,95.000,16.043,0.135,39.567,6.687,21.675,79.200,0.169
15-01-2017,GNV,1300,R$/m3,2.218,0.265,1.729,3.200,0.648,0.119,1.570,0.280,1.178,2.690,0.178
15-02-2017,DIESEL,12558,R$/l,3.098,0.192,2.550,4.220,0.395,0.062,2.703,0.149,2.190,3.442,0.055
15-02-2017,DIESEL_S10,14897,R$/l,3.241,0.193,2.690,4.260,0.417,0.060,2.824,0.152,2.374,3.703,0.054
15-02-2017,ETANOL_HIDRATADO,18374,R$/l,2.884,0.370,2.239,4.489,0.366,0.128,2.518,0.309,2.000,3.928,0.123
15-02-2017,GASOLINA_COMUM,20404,R$/l,3.755,0.229,3.090,4.799,0.447,0.061,3.308,0.172,2.590,3.874,0.052
15-02-2017,GLP,20452,R$/13kg,55.487,7.510,35.900,95.000,16.095,0.135,39.392,6.803,21.675,79.200,0.173
15-02-2017,GNV,1001,R$/m3,2.284,0.265,1.749,3.099,0.703,0.116,1.581,0.251,1.172,2.346,0.159
15-03-2017,DIESEL,16837,R$/l,3.050,0.202,2.459,4.220,0.428,0.066,2.622,0.155,2.233,3.281,0.059
15-03-2017,DIESEL_S10,20040,R$/l,3.191,0.203,2.589,4.260,0.450,0.064,2.741,0.162,2.300,3.703,0.059
15-03-2017,ETANOL_HIDRATADO,24159,R$/l,2.745,0.418,1.999,4.429,0.386,0.152,2.359,0.361,1.785,4.140,0.153
15-03-2017,GASOLINA_COMUM,27073,R$/l,3.687,0.244,3.079,4.999,0.469,0.066,3.218,0.185,2.590,3.809,0.057
15-03-2017,GLP,26258,R$/13kg,55.679,7.613,35.000,93.000,16.398,0.137,39.281,6.775,21.675,79.200,0.172
15-03-2017,GNV,1361,R$/m3,2.302,0.258,1.789,3.099,0.668,0.112,1.634,0.223,1.220,2.300,0.136
15-04-2017,DIESEL,14006,R$/l,3.015,0.201,2.480,4.220,0.437,0.067,2.578,0.144,2.211,3.221,0.056
15-04-2017,DIESEL_S10,16848,R$/l,3.156,0.201,2.589,4.260,0.462,0.064,2.694,0.154,2.300,3.589,0.057
15-04-2017,ETANOL_HIDRATADO,20290,R$/l,2.639,0.423,1.899,4.299,0.383,0.160,2.256,0.354,1.740,3.947,0.157
15-04-2017,GASOLINA_COMUM,22713,R$/l,3.635,0.243,2.990,4.999,0.464,0.067,3.171,0.189,2.590,3.858,0.060
15-04-2017,GLP,22047,R$/13kg,57.187,7.769,35.000,93.000,16.943,0.136,40.244,6.766,23.769,79.200,0.168
15-04-2017,GNV,1129,R$/m3,2.298,0.256,1.789,3.099,0.634,0.111,1.664,0.223,1.252,2.299,0.134
15-05-2017,DIESEL,16949,R$/l,3.017,0.197,2.480,4.220,0.406,0.065,2.611,0.136,2.220,3.230,0.052
15-05-2017,DIESEL_S10,20721,R$/l,3.153,0.200,2.590,4.260,0.432,0.063,2.721,0.150,2.290,3.666,0.055
15-05-2017,ETANOL_HIDRATADO,24694,R$/l,2.584,0.427,1.870,4.238,0.375,0.165,2.209,0.351,1.687,3.836,0.159
15-05-2017,GASOLINA_COMUM,27610,R$/l,3.617,0.252,2.960,4.999,0.451,0.070,3.166,0.197,2.590,3.856,0.062
15-05-2017,GLP,26657,R$/13kg,57.206,7.867,38.000,105.000,16.634,0.138,40.572,6.799,23.769,89.900,0.168
15-05-2017,GNV,1353,R$/m3,2.316,0.261,1.789,3.099,0.686,0.113,1.630,0.223,1.240,2.314,0.137
15-06-2017,DIESEL,14266,R$/l,2.985,0.204,2.459,4.220,0.432,0.068,2.553,0.149,2.110,3.210,0.058
15-06-2017,DIESEL_S10,17642,R$/l,3.121,0.206,2.520,4.260,0.452,0.066,2.669,0.161,2.181,3.666,0.060
15-06-2017,ETANOL_HIDRATADO,20905,R$/l,2.485,0.454,1.790,4.157,0.369,0.183,2.116,0.361,1.650,3.582,0.171
15-06-2017,GASOLINA_COMUM,23375,R$/l,3.548,0.269,2.880,4.799,0.458,0.076,3.090,0.209,2.590,3.792,0.068
15-06-2017,GLP,22966,R$/13kg,57.379,7.836,39.990,105.000,16.483,0.137,40.896,6.776,23.760,70.000,0.166
15-06-2017,GNV,1123,R$/m3,2.334,0.267,1.780,3.099,0.684,0.114,1.650,0.209,1.310,2.300,0.127
15-07-2017,DIESEL,14223,R$/l,2.971,0.219,2.390,4.270,0.474,0.074,2.497,0.166,2.040,3.195,0.066
15-07-2017,DIESEL_S10,17813,R$/l,3.101,0.219,2.449,4.290,0.491,0.071,2.610,0.177,2.150,3.624,0.068
15-07-2017,ETANOL_HIDRATADO,20953,R$/l,2.460,0.452,1.699,4.157,0.388,0.184,2.072,0.366,1.582,3.712,0.177
15-07-2017,GASOLINA_COMUM,23377,R$/l,3.553,0.304,2.799,4.950,0.506,0.086,3.047,0.231,2.538,3.855,0.076
15-07-2017,GLP,22851,R$/13kg,57.527,7.996,39.990,105.000,16.520,0.139,41.007,6.684,24.000,75.000,0.163
15-07-2017,GNV,1135,R$/m3,2.342,0.275,1.700,3.099,0.616,0.117,1.726,0.221,1.245,2.632,0.128
15-08-2017,DIESEL,8423,R$/l,3.102,0.213,2.450,4.370,0.404,0.069,2.698,0.173,2.090,3.440,0.064
15-08-2017,DIESEL_S10,11466,R$/l,3.237,0.209,2.589,4.390,0.423,0.065,2.814,0.175,2.190,3.606,0.062
15-08-2017,ETANOL_HIDRATADO,13220,R$/l,2.611,0.406,1.889,4.444,0.383,0.155,2.228,0.332,1.630,3.747,0.149
15-08-2017,GASOLINA_COMUM,14838,R$/l,3.781,0.265,2.999,5.100,0.450,0.070,3.331,0.219,2.540,4.034,0.066
15-08-2017,GLP,12046,R$/13kg,57.601,7.945,39.990,105.000,16.662,0.138,40.939,6.892,23.550,84.000,0.168
15-08-2017,GNV,841,R$/m3,2.368,0.274,1.780,3.150,0.626,0.116,1.742,0.201,1.353,2.248,0.115
15-09-2017,DIESEL,7041,R$/l,3.173,0.205,2.640,4.470,0.384,0.065,2.789,0.162,2.208,3.520,0.058
15-09-2017,DIESEL_S10,9666,R$/l,3.309,0.208,2.739,4.499,0.403,0.063,2.906,0.164,2.368,3.737,0.056
15-09-2017,ETANOL_HIDRATADO,11187,R$/l,2.633,0.400,1.939,4.250,0.365,0.152,2.268,0.325,1.630,3.763,0.143
15-09-2017,GASOLINA_COMUM,12508,R$/l,3.881,0.253,3.099,5.200,0.459,0.065,3.422,0.195,2.800,4.025,0.057
15-09-2017,GLP,10282,R$/13kg,59.452,8.424,39.990,110.000,17.578,0.142,41.874,7.134,25.000,75.000,0.170
15-09-2017,GNV,703,R$/m3,2.376,0.277,1.780,3.099,0.621,0.117,1.755,0.199,1.330,2.350,0.113
15-10-2017,DIESEL,8586,R$/l,3.223,0.195,2.699,4.470,0.356,0.061,2.867,0.135,2.340,3.560,0.047
15-10-2017,DIESEL_S10,11914,R$/l,3.353,0.203,2.749,4.499,0.369,0.061,2.984,0.140,2.444,3.912,0.047
15-10-2017,ETANOL_HIDRATADO,13725,R$/l,2.668,0.384,1.999,4.299,0.356,0.144,2.312,0.308,1.683,3.818,0.133
15-10-2017,GASOLINA_COMUM,15370,R$/l,3.895,0.250,3.199,5.200,0.438,0.064,3.457,0.196,2.790,4.150,0.057
15-10-2017,GLP,12382,R$/13kg,63.209,9.023,40.000,115.000,18.755,0.143,44.454,7.622,23.550,78.000,0.171
15-10-2017,GNV,855,R$/m3,2.387,0.286,1.740,2.999,0.650,0.120,1.737,0.200,1.365,2.297,0.115
15-11-2017,DIESEL,7139,R$/l,3.290,0.209,2.789,4.470,0.363,0.064,2.927,0.146,2.410,3.702,0.050
15-11-2017,DIESEL_S10,10001,R$/l,3.421,0.215,2.860,4.528,0.379,0.063,3.042,0.152,2.540,3.959,0.050
15-11-2017,ETANOL_HIDRATADO,11431,R$/l,2.790,0.362,1.990,4.399,0.372,0.130,2.418,0.281,1.687,4.457,0.116
15-11-2017,GASOLINA_COMUM,12806,R$/l,4.004,0.261,3.199,5.200,0.440,0.065,3.564,0.209,2.790,4.203,0.059
15-11-2017,GLP,10719,R$/13kg,65.188,8.765,45.000,115.000,18.219,0.134,46.969,7.545,30.000,85.000,0.161
15-11-2017,GNV,684,R$/m3,2.420,0.278,1.760,3.100,0.651,0.115,1.769,0.199,1.365,2.269,0.112
15-12-2017,DIESEL,6905,R$/l,3.323,0.205,2.890,4.470,0.378,0.062,2.945,0.147,2.133,3.726,0.050
15-12-2017,DIESEL_S10,9740,R$/l,3.455,0.213,2.799,4.520,0.399,0.062,3.056,0.152,2.590,4.140,0.050
15-12-2017,ETANOL_HIDRATADO,11153,R$/l,2.879,0.344,1.990,4.399,0.361,0.119,2.518,0.275,1.690,4.457,0.109
15-12-2017,GASOLINA_COMUM,12542,R$/l,4.085,0.256,3.399,5.200,0.432,0.063,3.653,0.203,2.990,4.366,0.056
15-12-2017,GLP,10264,R$/13kg,66.531,8.952,45.000,115.000,18.466,0.135,48.065,7.833,30.000,85.000,0.163
15-12-2017,GNV,686,R$/m3,2.421,0.290,1.760,3.199,0.680,0.120,1.741,0.214,1.446,2.468,0.123
15-01-2018,DIESEL,15772,R$/l,3.375,0.202,2.799,4.490,0.363,0.060,3.012,0.153,2.490,3.812,0.051
15-01-2018,DIESEL_S10,21383,R$/l,3.498,0.205,2.940,4.770,0.392,0.059,3.106,0.154,2.520,4.162,0.050
15-01-2018,ETANOL_HIDRATADO,24362,R$/l,2.984,0.347,2.197,4.739,0.346,0.116,2.638,0.280,1.690,3.908,0.106
15-01-2018,GASOLINA_COMUM,27471,R$/l,4.189,0.268,3.499,5.150,0.437,0.064,3.752,0.211,2.904,4.420,0.056
15-01-2018,GLP,21228,R$/13kg,67.305,8.791,45.000,120.000,18.089,0.131,49.216,7.760,30.000,94.500,0.158
15-01-2018,GNV,1452,R$/m3,2.468,0.300,1.760,3.299,0.688,0.122,1.780,0.206,1.244,2.531,0.116
15-02-2018,DIESEL,13194,R$/l,3.388,0.207,2.799,4.479,0.397,0.061,2.991,0.161,2.490,3.733,0.054
15-02-2018,DIESEL_S10,17837,R$/l,3.510,0.208,2.899,4.770,0.421,0.059,3.089,0.166,2.590,4.131,0.054
15-02-2018,ETANOL_HIDRATADO,20370,R$/l,3.023,0.361,2.199,4.739,0.332,0.119,2.691,0.303,2.040,4.007,0.113
15-02-2018,GASOLINA_COMUM,23032,R$/l,4.208,0.268,3.479,5.200,0.452,0.064,3.756,0.213,2.990,4.439,0.057
15-02-2018,GLP,17041,R$/13kg,66.804,8.832,45.000,120.000,17.159,0.132,49.645,7.775,31.560,94.500,0.157
15-02-2018,GNV,1250,R$/m3,2.519,0.302,1.799,3.299,0.695,0.120,1.824,0.226,1.244,2.492,0.124
15-03-2018,DIESEL,13454,R$/l,3.383,0.209,2.890,4.479,0.409,0.062,2.974,0.160,2.490,3.686,0.054
15-03-2018,DIESEL_S10,18582,R$/l,3.502,0.210,2.940,4.770,0.432,0.060,3.070,0.161,2.493,4.078,0.052
15-03-2018,ETANOL_HIDRATADO,21290,R$/l,3.032,0.373,2.170,4.739,0.318,0.123,2.714,0.313,1.690,4.007,0.115
15-03-2018,GASOLINA_COMUM,24090,R$/l,4.199,0.283,3.479,5.200,0.426,0.067,3.773,0.227,2.990,4.527,0.060
15-03-2018,GLP,18490,R$/13kg,66.790,8.614,45.000,120.000,17.313,0.129,49.477,7.862,30.000,94.500,0.159
15-03-2018,GNV,1254,R$/m3,2.551,0.320,1.810,3.399,0.718,0.125,1.833,0.237,1.276,2.531,0.129
15-04-2018,DIESEL,14351,R$/l,3.432,0.213,2.890,4.700,0.353,0.062,3.079,0.166,2.490,3.872,0.054
15-04-2018,DIESEL_S10,19789,R$/l,3.518,0.213,2.940,4.970,0.370,0.061,3.148,0.165,2.590,4.279,0.052
15-04-2018,ETANOL_HIDRATADO,22233,R$/l,2.972,0.410,2.099,4.790,0.392,0.138,2.580,0.390,1.935,4.283,0.151
15-04-2018,GASOLINA_COMUM,25483,R$/l,4.215,0.292,3.397,5.200,0.414,0.069,3.801,0.231,2.990,4.572,0.061
15-04-2018,GLP,18484,R$/13kg,66.986,8.546,45.000,120.000,17.066,0.128,49.920,7.444,30.000,94.500,0.149
15-04-2018,GNV,1277,R$/m3,2.562,0.322,1.830,3.399,0.694,0.126,1.868,0.231,1.345,2.498,0.124
